Type,Name,Request Count,Failure Count,Median Response Time,Average Response Time,Min Response Time,Max Response Time,Average Content Size,Requests/s,Failures/s,50%,66%,75%,80%,90%,95%,98%,99%,99.9%,99.99%,100%
GET,login: form,1000,0,350,1108.4689705071505,8.12355405651033,5386.437023989856,18417.0,0.7932584255896986,0.0,350,990,1600,2300,3700,4500,4900,5200,5400,5400,5400
POST,login: submit,1000,0,86,87.19607134256512,60.454036109149456,146.77292993292212,210238.438,0.7932584255896986,0.0,86,93,97,99,100,110,110,120,150,150,150
POST,mcq quiz: start attempt,3475,0,41,42.65389172139196,29.346809023991227,151.22208604589105,145288.55712230215,2.7565730289242025,0.0,41,44,46,47,52,57,64,68,100,150,150
POST,mcq quiz: submit & grade,3350,0,1300,1921.0754447636098,35.98708799108863,5787.642397917807,144685.12746268656,2.6574157257254902,0.0,1300,1600,5000,5200,5400,5400,5600,5600,5700,5800,5800
GET,mcq quiz: view,3477,0,1200,1856.874947388744,22.43928797543049,5779.938024003059,136066.63186655162,2.758159545775382,0.0,1200,1600,4900,5200,5400,5500,5600,5600,5700,5800,5800
GET,page: course,10694,0,1200,1843.3856328270294,24.149596923962235,5784.109523054212,174067.20198242005,8.483105603256236,0.0,1200,1500,4600,5200,5400,5500,5600,5600,5700,5800,5800
GET,page: dashboard,6863,0,1300,1888.7054990810068,29.387836111709476,5800.725776934996,210397.20982077808,5.444132574822102,0.0,1300,1600,5000,5200,5300,5500,5600,5600,5800,5800,5800
GET,page: forum,3435,0,1300,1874.6468200952254,33.750228118151426,5810.050863074139,243201.34847161573,2.724842691900615,0.0,1300,1600,5000,5200,5400,5500,5600,5700,5800,5800,5800
GET,page: forum thread,3433,0,28,29.905277125303005,23.379992926493287,56.164853973314166,141344.1864258666,2.723256175049435,0.0,28,30,32,33,37,40,44,47,55,56,56
GET,page: reading page,10546,0,1200,1857.610898855149,21.026539150625467,5803.497838089243,135533.2290915987,8.365703356268961,0.0,1200,1600,4900,5200,5300,5400,5600,5600,5700,5800,5800
,Aggregated,47273,0,180,1545.1449501402506,8.12355405651033,5810.050863074139,163872.1341357646,37.49970555290182,0.0,180,1400,1700,5000,5300,5400,5600,5600,5700,5800,5800
