Count,Message,Traceback,Nodes
4907,argument of type 'NoneType' is not iterable,"  File ""/media/vocab/ab36a93d-73ed-432d-98d0-e1e6926ff4257/kashyap/LMS/Moodle/locust/.venv/lib/python3.13/site-packages/locust/user/task.py"", line 363, in run
    self.execute_next_task()
    ~~~~~~~~~~~~~~~~~~~~~~^^
  File ""/media/vocab/ab36a93d-73ed-432d-98d0-e1e6926ff4257/kashyap/LMS/Moodle/locust/.venv/lib/python3.13/site-packages/locust/user/task.py"", line 396, in execute_next_task
    self.execute_task(self._task_queue.popleft())
    ~~~~~~~~~~~~~~~~~^^^^^^^^^^^^^^^^^^^^^^^^^^^^
  File ""/media/vocab/ab36a93d-73ed-432d-98d0-e1e6926ff4257/kashyap/LMS/Moodle/locust/.venv/lib/python3.13/site-packages/locust/user/task.py"", line 513, in execute_task
    task(self.user)
    ~~~~^^^^^^^^^^^
  File ""/media/vocab/ab36a93d-73ed-432d-98d0-e1e6926ff4257/kashyap/LMS/Moodle/locust/locustfile.py"", line 187, in forum
    self.get(f""/mod/forum/discuss.php?d={COURSE['discussion']}"", ""page: forum thread"")
    ~~~~~~~~^^^^^^^^^^^^^^^^^^^^^^^^^^^^^^^^^^^^^^^^^^^^^^^^^^^^^^^^^^^^^^^^^^^^^^^^^^
  File ""/media/vocab/ab36a93d-73ed-432d-98d0-e1e6926ff4257/kashyap/LMS/Moodle/locust/locustfile.py"", line 114, in get
    self._check(r, expect)
    ~~~~~~~~~~~^^^^^^^^^^^
  File ""/media/vocab/ab36a93d-73ed-432d-98d0-e1e6926ff4257/kashyap/LMS/Moodle/locust/locustfile.py"", line 125, in _check
    elif ""/login/index.php"" in r.url:
         ^^^^^^^^^^^^^^^^^^^^^^^^^^^
","vocab-server3_a46115337fb541b5ad4e49aa9b6b7487, vocab-server3_d8c438a2226f49a2a280b8a5d630d6dd, vocab-server3_20c25590ce9d4a428b9801b14bfb4823, vocab-server3_a422cd0ac6ca4925ac13bb729f0fae5a, vocab-server3_bd41eeb997db4eba90374705756fc8b6, vocab-server3_ad96f49fc9ea44baae1fa1af6bcf0f1c, vocab-server3_a49d3d2d9cab4a639c5b1f5a2c8f74cc, vocab-server3_0b1c09b5286941e48e86922c1b7ff780"
2910,argument of type 'NoneType' is not iterable,"  File ""/media/vocab/ab36a93d-73ed-432d-98d0-e1e6926ff4257/kashyap/LMS/Moodle/locust/.venv/lib/python3.13/site-packages/locust/user/task.py"", line 363, in run
    self.execute_next_task()
    ~~~~~~~~~~~~~~~~~~~~~~^^
  File ""/media/vocab/ab36a93d-73ed-432d-98d0-e1e6926ff4257/kashyap/LMS/Moodle/locust/.venv/lib/python3.13/site-packages/locust/user/task.py"", line 396, in execute_next_task
    self.execute_task(self._task_queue.popleft())
    ~~~~~~~~~~~~~~~~~^^^^^^^^^^^^^^^^^^^^^^^^^^^^
  File ""/media/vocab/ab36a93d-73ed-432d-98d0-e1e6926ff4257/kashyap/LMS/Moodle/locust/.venv/lib/python3.13/site-packages/locust/user/task.py"", line 513, in execute_task
    task(self.user)
    ~~~~^^^^^^^^^^^
  File ""/media/vocab/ab36a93d-73ed-432d-98d0-e1e6926ff4257/kashyap/LMS/Moodle/locust/locustfile.py"", line 191, in mcq_quiz
    self.quiz_attempt(COURSE[""mcq""], ""mcq quiz"")
    ~~~~~~~~~~~~~~~~~^^^^^^^^^^^^^^^^^^^^^^^^^^^
  File ""/media/vocab/ab36a93d-73ed-432d-98d0-e1e6926ff4257/kashyap/LMS/Moodle/locust/locustfile.py"", line 165, in quiz_attempt
    self.post(""/mod/quiz/processattempt.php"", data, f""{label}: submit & grade"", expect=""review"")
    ~~~~~~~~~^^^^^^^^^^^^^^^^^^^^^^^^^^^^^^^^^^^^^^^^^^^^^^^^^^^^^^^^^^^^^^^^^^^^^^^^^^^^^^^^^^^
  File ""/media/vocab/ab36a93d-73ed-432d-98d0-e1e6926ff4257/kashyap/LMS/Moodle/locust/locustfile.py"", line 119, in post
    self._check(r, expect)
    ~~~~~~~~~~~^^^^^^^^^^^
  File ""/media/vocab/ab36a93d-73ed-432d-98d0-e1e6926ff4257/kashyap/LMS/Moodle/locust/locustfile.py"", line 125, in _check
    elif ""/login/index.php"" in r.url:
         ^^^^^^^^^^^^^^^^^^^^^^^^^^^
","vocab-server3_a46115337fb541b5ad4e49aa9b6b7487, vocab-server3_d8c438a2226f49a2a280b8a5d630d6dd, vocab-server3_20c25590ce9d4a428b9801b14bfb4823, vocab-server3_a422cd0ac6ca4925ac13bb729f0fae5a, vocab-server3_bd41eeb997db4eba90374705756fc8b6, vocab-server3_ad96f49fc9ea44baae1fa1af6bcf0f1c, vocab-server3_a49d3d2d9cab4a639c5b1f5a2c8f74cc, vocab-server3_0b1c09b5286941e48e86922c1b7ff780"
7132,argument of type 'NoneType' is not iterable,"  File ""/media/vocab/ab36a93d-73ed-432d-98d0-e1e6926ff4257/kashyap/LMS/Moodle/locust/.venv/lib/python3.13/site-packages/locust/user/task.py"", line 363, in run
    self.execute_next_task()
    ~~~~~~~~~~~~~~~~~~~~~~^^
  File ""/media/vocab/ab36a93d-73ed-432d-98d0-e1e6926ff4257/kashyap/LMS/Moodle/locust/.venv/lib/python3.13/site-packages/locust/user/task.py"", line 396, in execute_next_task
    self.execute_task(self._task_queue.popleft())
    ~~~~~~~~~~~~~~~~~^^^^^^^^^^^^^^^^^^^^^^^^^^^^
  File ""/media/vocab/ab36a93d-73ed-432d-98d0-e1e6926ff4257/kashyap/LMS/Moodle/locust/.venv/lib/python3.13/site-packages/locust/user/task.py"", line 513, in execute_task
    task(self.user)
    ~~~~^^^^^^^^^^^
  File ""/media/vocab/ab36a93d-73ed-432d-98d0-e1e6926ff4257/kashyap/LMS/Moodle/locust/locustfile.py"", line 191, in mcq_quiz
    self.quiz_attempt(COURSE[""mcq""], ""mcq quiz"")
    ~~~~~~~~~~~~~~~~~^^^^^^^^^^^^^^^^^^^^^^^^^^^
  File ""/media/vocab/ab36a93d-73ed-432d-98d0-e1e6926ff4257/kashyap/LMS/Moodle/locust/locustfile.py"", line 149, in quiz_attempt
    r = self.post(""/mod/quiz/startattempt.php"", {""cmid"": cmid, ""sesskey"": self.sesskey}, f""{label}: start attempt"",
                  expect='id=""responseform""')
  File ""/media/vocab/ab36a93d-73ed-432d-98d0-e1e6926ff4257/kashyap/LMS/Moodle/locust/locustfile.py"", line 119, in post
    self._check(r, expect)
    ~~~~~~~~~~~^^^^^^^^^^^
  File ""/media/vocab/ab36a93d-73ed-432d-98d0-e1e6926ff4257/kashyap/LMS/Moodle/locust/locustfile.py"", line 125, in _check
    elif ""/login/index.php"" in r.url:
         ^^^^^^^^^^^^^^^^^^^^^^^^^^^
","vocab-server3_a46115337fb541b5ad4e49aa9b6b7487, vocab-server3_20c25590ce9d4a428b9801b14bfb4823, vocab-server3_a422cd0ac6ca4925ac13bb729f0fae5a, vocab-server3_bd41eeb997db4eba90374705756fc8b6, vocab-server3_ad96f49fc9ea44baae1fa1af6bcf0f1c, vocab-server3_0b1c09b5286941e48e86922c1b7ff780, vocab-server3_a49d3d2d9cab4a639c5b1f5a2c8f74cc, vocab-server3_d8c438a2226f49a2a280b8a5d630d6dd"
1378,argument of type 'NoneType' is not iterable,"  File ""/media/vocab/ab36a93d-73ed-432d-98d0-e1e6926ff4257/kashyap/LMS/Moodle/locust/.venv/lib/python3.13/site-packages/locust/user/task.py"", line 363, in run
    self.execute_next_task()
    ~~~~~~~~~~~~~~~~~~~~~~^^
  File ""/media/vocab/ab36a93d-73ed-432d-98d0-e1e6926ff4257/kashyap/LMS/Moodle/locust/.venv/lib/python3.13/site-packages/locust/user/task.py"", line 396, in execute_next_task
    self.execute_task(self._task_queue.popleft())
    ~~~~~~~~~~~~~~~~~^^^^^^^^^^^^^^^^^^^^^^^^^^^^
  File ""/media/vocab/ab36a93d-73ed-432d-98d0-e1e6926ff4257/kashyap/LMS/Moodle/locust/.venv/lib/python3.13/site-packages/locust/user/task.py"", line 513, in execute_task
    task(self.user)
    ~~~~^^^^^^^^^^^
  File ""/media/vocab/ab36a93d-73ed-432d-98d0-e1e6926ff4257/kashyap/LMS/Moodle/locust/locustfile.py"", line 178, in course
    self.get(f""/course/view.php?id={COURSE['courseid']}"", ""page: course"")
    ~~~~~~~~^^^^^^^^^^^^^^^^^^^^^^^^^^^^^^^^^^^^^^^^^^^^^^^^^^^^^^^^^^^^^
  File ""/media/vocab/ab36a93d-73ed-432d-98d0-e1e6926ff4257/kashyap/LMS/Moodle/locust/locustfile.py"", line 114, in get
    self._check(r, expect)
    ~~~~~~~~~~~^^^^^^^^^^^
  File ""/media/vocab/ab36a93d-73ed-432d-98d0-e1e6926ff4257/kashyap/LMS/Moodle/locust/locustfile.py"", line 125, in _check
    elif ""/login/index.php"" in r.url:
         ^^^^^^^^^^^^^^^^^^^^^^^^^^^
","vocab-server3_a46115337fb541b5ad4e49aa9b6b7487, vocab-server3_20c25590ce9d4a428b9801b14bfb4823, vocab-server3_0b1c09b5286941e48e86922c1b7ff780, vocab-server3_bd41eeb997db4eba90374705756fc8b6, vocab-server3_ad96f49fc9ea44baae1fa1af6bcf0f1c, vocab-server3_a422cd0ac6ca4925ac13bb729f0fae5a, vocab-server3_a49d3d2d9cab4a639c5b1f5a2c8f74cc, vocab-server3_d8c438a2226f49a2a280b8a5d630d6dd"
491,argument of type 'NoneType' is not iterable,"  File ""/media/vocab/ab36a93d-73ed-432d-98d0-e1e6926ff4257/kashyap/LMS/Moodle/locust/.venv/lib/python3.13/site-packages/locust/user/task.py"", line 363, in run
    self.execute_next_task()
    ~~~~~~~~~~~~~~~~~~~~~~^^
  File ""/media/vocab/ab36a93d-73ed-432d-98d0-e1e6926ff4257/kashyap/LMS/Moodle/locust/.venv/lib/python3.13/site-packages/locust/user/task.py"", line 396, in execute_next_task
    self.execute_task(self._task_queue.popleft())
    ~~~~~~~~~~~~~~~~~^^^^^^^^^^^^^^^^^^^^^^^^^^^^
  File ""/media/vocab/ab36a93d-73ed-432d-98d0-e1e6926ff4257/kashyap/LMS/Moodle/locust/.venv/lib/python3.13/site-packages/locust/user/task.py"", line 513, in execute_task
    task(self.user)
    ~~~~^^^^^^^^^^^
  File ""/media/vocab/ab36a93d-73ed-432d-98d0-e1e6926ff4257/kashyap/LMS/Moodle/locust/locustfile.py"", line 191, in mcq_quiz
    self.quiz_attempt(COURSE[""mcq""], ""mcq quiz"")
    ~~~~~~~~~~~~~~~~~^^^^^^^^^^^^^^^^^^^^^^^^^^^
  File ""/media/vocab/ab36a93d-73ed-432d-98d0-e1e6926ff4257/kashyap/LMS/Moodle/locust/locustfile.py"", line 148, in quiz_attempt
    self.get(f""/mod/quiz/view.php?id={cmid}"", f""{label}: view"")
    ~~~~~~~~^^^^^^^^^^^^^^^^^^^^^^^^^^^^^^^^^^^^^^^^^^^^^^^^^^^
  File ""/media/vocab/ab36a93d-73ed-432d-98d0-e1e6926ff4257/kashyap/LMS/Moodle/locust/locustfile.py"", line 114, in get
    self._check(r, expect)
    ~~~~~~~~~~~^^^^^^^^^^^
  File ""/media/vocab/ab36a93d-73ed-432d-98d0-e1e6926ff4257/kashyap/LMS/Moodle/locust/locustfile.py"", line 125, in _check
    elif ""/login/index.php"" in r.url:
         ^^^^^^^^^^^^^^^^^^^^^^^^^^^
","vocab-server3_a46115337fb541b5ad4e49aa9b6b7487, vocab-server3_a422cd0ac6ca4925ac13bb729f0fae5a, vocab-server3_20c25590ce9d4a428b9801b14bfb4823, vocab-server3_0b1c09b5286941e48e86922c1b7ff780, vocab-server3_ad96f49fc9ea44baae1fa1af6bcf0f1c, vocab-server3_bd41eeb997db4eba90374705756fc8b6, vocab-server3_a49d3d2d9cab4a639c5b1f5a2c8f74cc, vocab-server3_d8c438a2226f49a2a280b8a5d630d6dd"
1460,argument of type 'NoneType' is not iterable,"  File ""/media/vocab/ab36a93d-73ed-432d-98d0-e1e6926ff4257/kashyap/LMS/Moodle/locust/.venv/lib/python3.13/site-packages/locust/user/task.py"", line 363, in run
    self.execute_next_task()
    ~~~~~~~~~~~~~~~~~~~~~~^^
  File ""/media/vocab/ab36a93d-73ed-432d-98d0-e1e6926ff4257/kashyap/LMS/Moodle/locust/.venv/lib/python3.13/site-packages/locust/user/task.py"", line 396, in execute_next_task
    self.execute_task(self._task_queue.popleft())
    ~~~~~~~~~~~~~~~~~^^^^^^^^^^^^^^^^^^^^^^^^^^^^
  File ""/media/vocab/ab36a93d-73ed-432d-98d0-e1e6926ff4257/kashyap/LMS/Moodle/locust/.venv/lib/python3.13/site-packages/locust/user/task.py"", line 513, in execute_task
    task(self.user)
    ~~~~^^^^^^^^^^^
  File ""/media/vocab/ab36a93d-73ed-432d-98d0-e1e6926ff4257/kashyap/LMS/Moodle/locust/locustfile.py"", line 182, in reading_page
    self.get(f""/mod/page/view.php?id={COURSE['page']}"", ""page: reading page"")
    ~~~~~~~~^^^^^^^^^^^^^^^^^^^^^^^^^^^^^^^^^^^^^^^^^^^^^^^^^^^^^^^^^^^^^^^^^
  File ""/media/vocab/ab36a93d-73ed-432d-98d0-e1e6926ff4257/kashyap/LMS/Moodle/locust/locustfile.py"", line 114, in get
    self._check(r, expect)
    ~~~~~~~~~~~^^^^^^^^^^^
  File ""/media/vocab/ab36a93d-73ed-432d-98d0-e1e6926ff4257/kashyap/LMS/Moodle/locust/locustfile.py"", line 125, in _check
    elif ""/login/index.php"" in r.url:
         ^^^^^^^^^^^^^^^^^^^^^^^^^^^
","vocab-server3_a46115337fb541b5ad4e49aa9b6b7487, vocab-server3_20c25590ce9d4a428b9801b14bfb4823, vocab-server3_0b1c09b5286941e48e86922c1b7ff780, vocab-server3_bd41eeb997db4eba90374705756fc8b6, vocab-server3_ad96f49fc9ea44baae1fa1af6bcf0f1c, vocab-server3_a422cd0ac6ca4925ac13bb729f0fae5a, vocab-server3_a49d3d2d9cab4a639c5b1f5a2c8f74cc, vocab-server3_d8c438a2226f49a2a280b8a5d630d6dd"
950,argument of type 'NoneType' is not iterable,"  File ""/media/vocab/ab36a93d-73ed-432d-98d0-e1e6926ff4257/kashyap/LMS/Moodle/locust/.venv/lib/python3.13/site-packages/locust/user/task.py"", line 363, in run
    self.execute_next_task()
    ~~~~~~~~~~~~~~~~~~~~~~^^
  File ""/media/vocab/ab36a93d-73ed-432d-98d0-e1e6926ff4257/kashyap/LMS/Moodle/locust/.venv/lib/python3.13/site-packages/locust/user/task.py"", line 396, in execute_next_task
    self.execute_task(self._task_queue.popleft())
    ~~~~~~~~~~~~~~~~~^^^^^^^^^^^^^^^^^^^^^^^^^^^^
  File ""/media/vocab/ab36a93d-73ed-432d-98d0-e1e6926ff4257/kashyap/LMS/Moodle/locust/.venv/lib/python3.13/site-packages/locust/user/task.py"", line 513, in execute_task
    task(self.user)
    ~~~~^^^^^^^^^^^
  File ""/media/vocab/ab36a93d-73ed-432d-98d0-e1e6926ff4257/kashyap/LMS/Moodle/locust/locustfile.py"", line 174, in dashboard
    self.get(""/my/"", ""page: dashboard"")
    ~~~~~~~~^^^^^^^^^^^^^^^^^^^^^^^^^^^
  File ""/media/vocab/ab36a93d-73ed-432d-98d0-e1e6926ff4257/kashyap/LMS/Moodle/locust/locustfile.py"", line 114, in get
    self._check(r, expect)
    ~~~~~~~~~~~^^^^^^^^^^^
  File ""/media/vocab/ab36a93d-73ed-432d-98d0-e1e6926ff4257/kashyap/LMS/Moodle/locust/locustfile.py"", line 125, in _check
    elif ""/login/index.php"" in r.url:
         ^^^^^^^^^^^^^^^^^^^^^^^^^^^
","vocab-server3_a46115337fb541b5ad4e49aa9b6b7487, vocab-server3_d8c438a2226f49a2a280b8a5d630d6dd, vocab-server3_a422cd0ac6ca4925ac13bb729f0fae5a, vocab-server3_20c25590ce9d4a428b9801b14bfb4823, vocab-server3_bd41eeb997db4eba90374705756fc8b6, vocab-server3_ad96f49fc9ea44baae1fa1af6bcf0f1c, vocab-server3_a49d3d2d9cab4a639c5b1f5a2c8f74cc, vocab-server3_0b1c09b5286941e48e86922c1b7ff780"
489,argument of type 'NoneType' is not iterable,"  File ""/media/vocab/ab36a93d-73ed-432d-98d0-e1e6926ff4257/kashyap/LMS/Moodle/locust/.venv/lib/python3.13/site-packages/locust/user/task.py"", line 363, in run
    self.execute_next_task()
    ~~~~~~~~~~~~~~~~~~~~~~^^
  File ""/media/vocab/ab36a93d-73ed-432d-98d0-e1e6926ff4257/kashyap/LMS/Moodle/locust/.venv/lib/python3.13/site-packages/locust/user/task.py"", line 396, in execute_next_task
    self.execute_task(self._task_queue.popleft())
    ~~~~~~~~~~~~~~~~~^^^^^^^^^^^^^^^^^^^^^^^^^^^^
  File ""/media/vocab/ab36a93d-73ed-432d-98d0-e1e6926ff4257/kashyap/LMS/Moodle/locust/.venv/lib/python3.13/site-packages/locust/user/task.py"", line 513, in execute_task
    task(self.user)
    ~~~~^^^^^^^^^^^
  File ""/media/vocab/ab36a93d-73ed-432d-98d0-e1e6926ff4257/kashyap/LMS/Moodle/locust/locustfile.py"", line 186, in forum
    self.get(f""/mod/forum/view.php?id={COURSE['forum']}"", ""page: forum"")
    ~~~~~~~~^^^^^^^^^^^^^^^^^^^^^^^^^^^^^^^^^^^^^^^^^^^^^^^^^^^^^^^^^^^^
  File ""/media/vocab/ab36a93d-73ed-432d-98d0-e1e6926ff4257/kashyap/LMS/Moodle/locust/locustfile.py"", line 114, in get
    self._check(r, expect)
    ~~~~~~~~~~~^^^^^^^^^^^
  File ""/media/vocab/ab36a93d-73ed-432d-98d0-e1e6926ff4257/kashyap/LMS/Moodle/locust/locustfile.py"", line 125, in _check
    elif ""/login/index.php"" in r.url:
         ^^^^^^^^^^^^^^^^^^^^^^^^^^^
","vocab-server3_a46115337fb541b5ad4e49aa9b6b7487, vocab-server3_d8c438a2226f49a2a280b8a5d630d6dd, vocab-server3_a422cd0ac6ca4925ac13bb729f0fae5a, vocab-server3_20c25590ce9d4a428b9801b14bfb4823, vocab-server3_bd41eeb997db4eba90374705756fc8b6, vocab-server3_ad96f49fc9ea44baae1fa1af6bcf0f1c, vocab-server3_a49d3d2d9cab4a639c5b1f5a2c8f74cc, vocab-server3_0b1c09b5286941e48e86922c1b7ff780"
