ts,host_cpu_pct,mem_avail_gb,swap_used_gb,swap_in_pps,swap_out_pps,load1,apache_busy,apache_idle,fpm_procs,db_conn,db_running,jupyter_servers,locust_cpu,net_tx_mbps,net_rx_mbps,moodle_app_cpu,moodle_app_mib,moodle_db_cpu,moodle_db_mib,moodle_jobe_cpu,moodle_jobe_mib,moodle_jupyterhub_cpu,moodle_jupyterhub_mib
1791187709,6.3,47.71,0.82,0.0,0.0,0.53369140625,7,249,32,9,1,0,0.0,168.3,2.0,116.44,484.4,27.98,313.4,0.0,30.9,0.21,146.3
1791187716,3.8,47.73,0.82,0.0,0.0,0.451171875,7,249,32,12,1,0,0.0,135.5,1.2,7.6,487.4,2.94,320.2,0.0,30.9,0.17,146.3
1791187723,1.0,47.71,0.82,0.0,0.0,0.4150390625,7,249,32,9,1,0,0.0,192.1,1.3,0.64,485.8,0.38,320.0,0.01,30.9,0.22,146.4
1791187730,0.9,47.76,0.82,0.0,0.0,0.43115234375,6,250,32,9,1,0,0.0,3.5,0.1,0.36,485.2,0.3,320.0,11.77,31.05,0.18,146.3
1791187738,0.8,47.8,0.82,0.0,0.0,0.396484375,6,250,32,9,1,0,0.0,23.4,0.1,9.88,494.8,1.18,320.0,0.0,30.9,0.25,146.3
1791187745,0.7,47.82,0.82,0.0,0.0,0.3642578125,6,250,32,9,1,0,0.0,56.5,0.3,0.44,490.0,0.36,320.0,0.0,30.9,0.17,146.3
1791187752,0.7,47.75,0.82,0.0,0.0,0.388671875,6,250,32,9,1,0,0.0,24.5,0.2,8.99,487.1,1.86,320.1,0.0,30.9,0.18,146.4
1791187759,1.0,47.74,0.82,0.0,0.0,0.357421875,7,249,32,9,1,0,0.0,177.9,1.1,1.1,485.9,0.37,320.1,0.0,30.9,0.19,146.4
1791187767,0.5,47.75,0.82,0.0,0.0,0.3828125,6,250,32,9,1,0,0.0,58.0,0.3,0.43,484.7,0.36,320.1,0.0,30.9,0.13,146.3
1791187774,0.5,47.79,0.82,0.0,0.0,0.35205078125,1,255,32,4,1,0,0.0,0.4,0.0,0.41,468.9,0.35,320.1,0.0,30.9,0.11,146.3
1791187781,0.6,47.76,0.82,0.0,0.0,0.37158203125,1,255,32,4,1,0,0.0,0.5,0.1,0.48,468.7,0.39,320.1,0.01,30.9,0.26,146.4
1791187788,0.8,47.74,0.82,0.0,0.0,0.341796875,1,255,32,4,1,0,0.0,0.1,0.0,11.04,469.3,2.44,320.9,0.0,30.9,0.24,146.4
1791187796,1.3,47.76,0.82,0.0,0.0,0.36279296875,1,255,32,6,1,0,0.0,172.1,1.1,11.06,477.2,1.92,320.9,0.01,30.9,0.17,146.4
1791187803,1.2,47.74,0.82,0.0,0.0,0.33349609375,1,255,32,4,1,0,0.0,74.0,0.8,0.72,473.6,0.65,320.4,0.0,30.9,0.21,146.4
1791187810,0.6,47.76,0.82,0.0,0.0,0.35595703125,1,255,32,4,1,0,0.0,2.1,0.1,0.42,473.6,0.36,320.4,0.01,30.9,0.21,146.4
1791187817,0.6,47.74,0.82,0.0,0.0,0.3271484375,1,255,32,4,1,0,0.0,0.0,0.4,0.36,474.0,0.38,320.4,0.01,30.9,0.16,146.4
1791187825,2.2,47.76,0.82,0.0,0.0,0.30078125,1,255,32,4,1,0,0.0,0.1,0.1,123.73,471.9,28.89,323.4,0.01,30.9,0.18,146.4
1791187832,6.6,47.69,0.82,0.0,0.0,1.18359375,1,255,32,4,1,0,0.0,234.5,1.9,134.0,499.0,28.79,329.6,0.0,30.9,0.24,146.4
1791187839,13.1,47.57,0.82,0.0,0.0,1.8095703125,10,246,35,4,1,0,0.0,388.0,4.2,5.82,541.7,1.29,336.6,0.0,30.9,1.28,146.4
1791187846,2.1,47.49,0.82,0.0,0.0,1.7587890625,11,245,35,8,1,0,0.0,284.5,3.2,11.54,543.4,3.96,336.9,0.01,30.9,0.19,146.4
1791187854,0.7,47.63,0.82,0.0,0.0,1.61767578125,1,255,35,5,2,0,0.0,150.4,2.0,0.53,542.6,0.39,336.6,0.01,30.91,0.15,146.4
1791187861,0.7,47.65,0.82,0.0,0.0,1.36865234375,1,255,36,5,2,0,0.0,1.3,0.0,1.45,537.6,0.57,336.9,0.0,30.91,0.19,146.4
1791187868,1.0,47.65,0.82,0.0,0.0,1.2587890625,2,254,35,5,1,1,0.0,42.0,0.3,8.64,536.9,2.07,336.9,0.01,30.91,0.18,146.4
1791187874,0.9,47.62,0.82,0.0,0.0,1.15771484375,2,254,36,4,1,0,0.0,129.6,0.8,4.6,536.2,1.11,336.7,0.0,30.91,0.19,146.4
1791187882,1.7,47.53,0.82,0.0,0.0,0.9794921875,1,255,36,5,1,1,0.0,110.5,0.6,66.65,576.8,12.28,337.0,0.0,30.91,0.15,146.4
1791187889,1.0,47.56,0.82,0.0,0.0,0.90087890625,2,254,35,5,2,0,0.0,355.0,4.7,3.87,535.6,0.95,336.7,0.0,30.91,0.26,146.4
1791187896,0.7,47.62,0.82,0.0,0.0,0.9833984375,1,255,36,5,2,0,0.0,2.5,0.1,0.51,537.6,0.41,336.6,0.0,30.91,0.23,146.4
1791187903,0.8,47.65,0.82,0.0,0.0,0.98486328125,1,255,35,4,1,0,0.0,22.2,0.2,4.25,533.4,1.12,336.7,0.01,30.91,0.17,146.4
1791187911,1.0,47.6,0.82,0.0,0.0,0.8330078125,1,255,35,5,2,0,0.0,115.8,0.7,4.89,535.4,1.24,336.7,0.0,30.91,0.11,146.4
1791187918,0.9,47.61,0.82,0.0,0.0,0.76611328125,1,255,36,5,2,1,0.0,108.6,0.6,5.2,535.8,1.25,336.7,0.0,30.91,0.16,146.4
1791187925,2.0,47.61,0.82,0.0,0.0,0.78515625,1,255,36,4,1,1,0.0,372.8,4.8,0.56,517.9,0.43,336.6,0.01,30.91,0.13,146.4
1791187932,0.7,47.66,0.82,0.0,0.0,0.90478515625,1,255,37,4,1,0,0.0,3.8,0.1,0.37,518.9,0.33,336.7,0.01,30.91,0.23,146.4
1791187939,0.8,47.61,0.82,0.0,0.0,0.83203125,2,254,37,4,1,0,0.0,18.5,0.2,3.32,521.1,0.97,336.7,0.0,30.91,0.21,146.4
1791187947,3.9,47.63,0.82,0.0,0.0,0.70361328125,1,255,37,6,1,1,0.0,93.0,0.7,121.05,551.6,27.52,338.1,0.01,30.91,0.22,146.4
1791187954,6.0,47.62,0.82,0.0,0.0,0.64697265625,1,255,37,4,1,1,0.0,229.7,1.8,133.69,547.7,29.24,339.5,0.0,30.91,0.21,146.4
1791187961,7.5,47.56,0.82,0.0,0.0,0.546875,1,255,44,6,3,0,0.0,650.7,9.1,129.43,601.1,27.13,340.1,0.01,30.91,0.16,146.4
1791187968,6.5,47.64,0.82,0.0,0.0,0.5029296875,3,253,43,10,2,0,0.0,247.2,2.0,26.04,568.1,5.19,341.2,0.01,30.91,0.19,146.4
1791187976,1.3,47.59,0.82,0.0,0.0,0.57958984375,1,255,44,4,1,0,0.0,262.7,1.9,12.42,582.8,2.58,341.1,0.0,30.91,0.22,146.4
1791187983,1.2,47.58,0.82,0.0,0.0,0.61328125,1,255,44,6,2,0,0.0,123.9,0.8,9.94,576.1,2.14,341.1,0.0,30.91,0.18,146.4
1791187990,1.5,47.57,0.82,0.0,0.0,0.5927734375,1,255,44,5,1,1,0.0,149.1,0.9,24.06,574.3,5.01,341.4,0.0,30.91,0.17,146.4
1791187997,2.6,47.47,0.82,0.0,0.0,0.62548828125,4,252,43,5,1,0,0.0,478.3,6.0,12.23,575.7,2.48,341.3,0.0,30.91,0.18,146.4
1791188005,1.2,47.51,0.82,0.0,0.0,0.5751953125,2,254,44,4,1,0,0.0,242.3,1.7,20.39,574.3,3.97,341.6,0.0,30.91,0.19,146.4
1791188012,1.7,47.53,0.82,0.0,0.0,0.560546875,8,248,44,5,1,0,0.0,207.5,1.4,19.74,577.4,4.02,341.4,0.0,30.91,0.17,146.4
1791188019,1.0,47.53,0.82,0.0,0.0,0.59619140625,2,254,43,5,2,0,0.0,183.4,1.4,10.04,573.8,2.27,341.4,0.0,30.91,0.2,146.4
1791188026,1.3,47.44,0.82,0.0,0.0,0.50439453125,1,255,43,4,1,0,0.0,117.6,0.9,7.04,574.4,1.82,341.7,0.01,30.91,0.19,146.4
1791188034,2.5,47.58,0.82,0.0,0.0,0.4638671875,9,247,43,10,1,0,0.0,337.2,3.0,27.82,577.1,5.3,341.7,0.0,30.92,0.16,146.4
1791188041,4.6,47.58,0.82,0.0,0.0,0.4658203125,1,255,43,4,1,0,0.0,398.0,4.5,3.07,551.8,0.98,346.8,0.0,30.92,0.14,146.4
1791188048,1.3,47.6,0.82,0.0,0.0,0.5087890625,1,255,43,4,1,0,0.0,113.7,0.7,36.68,574.7,2.41,347.3,0.01,30.92,0.18,146.4
1791188055,1.0,47.61,0.82,0.0,0.0,0.43017578125,1,255,43,4,1,0,0.0,210.9,1.9,5.33,575.5,0.72,346.8,0.0,30.92,0.13,146.4
1791188063,1.4,47.38,0.82,0.0,0.0,0.3955078125,1,255,43,4,1,0,0.0,88.0,0.5,9.48,573.9,2.4,346.8,0.0,30.92,0.19,146.4
1791188070,27.2,47.34,0.82,0.0,0.0,4.7685546875,15,305,50,9,2,0,0.0,422.9,6.5,129.79,686.1,30.52,366.5,0.0,30.92,0.17,146.4
1791188077,6.7,47.32,0.82,0.0,0.0,4.35498046875,27,293,50,15,1,0,0.0,331.1,2.8,195.33,757.8,10.63,368.3,0.0,30.92,0.24,146.4
1791188084,8.5,47.31,0.82,0.0,0.0,4.005859375,2,318,64,4,1,0,0.0,929.4,16.4,139.89,779.8,33.37,381.6,0.0,30.92,0.17,146.4
1791188092,10.4,46.3,0.82,0.0,0.0,3.3896484375,7,313,64,12,1,0,0.0,426.2,4.1,262.19,730.5,40.67,384.4,0.0,30.92,0.2,146.4
1791188099,13.4,45.82,0.82,2.9,0.0,3.1982421875,6,314,64,15,4,0,0.0,416.8,3.4,138.72,803.9,33.32,386.1,0.0,30.91,0.22,146.4
1791188106,10.4,45.84,0.82,0.1,0.0,4.1513671875,17,303,64,9,1,0,0.0,410.1,3.1,145.91,804.6,29.9,386.4,0.0,30.91,0.19,146.4
1791188113,10.3,45.78,0.82,0.1,0.0,3.97900390625,9,311,64,11,2,0,0.0,432.6,3.4,223.68,883.1,42.59,387.9,0.0,30.91,0.25,146.4
1791188121,7.2,45.74,0.82,0.0,0.0,3.587890625,56,264,95,30,1,0,0.0,920.3,16.3,52.49,889.6,9.75,388.7,0.0,30.91,0.22,146.4
1791188128,5.1,45.86,0.82,0.4,0.0,3.38037109375,6,314,88,9,1,0,0.0,544.8,6.1,31.82,862.9,5.7,389.4,0.0,30.91,0.18,146.4
1791188135,4.2,45.86,0.82,0.0,0.0,2.93359375,7,313,81,9,1,0,0.0,357.1,2.4,18.72,832.1,4.07,390.1,0.0,30.91,0.23,146.4
1791188142,4.2,45.91,0.82,0.0,0.0,2.6982421875,6,314,74,9,1,0,0.0,301.3,2.0,20.2,795.2,4.02,389.0,0.0,30.91,0.22,146.4
1791188150,4.6,45.85,0.82,0.0,0.0,2.48193359375,6,314,69,9,1,0,0.0,335.8,2.2,43.58,789.2,3.31,389.8,0.0,30.91,0.22,146.4
1791188157,6.1,47.35,0.82,0.0,0.0,2.39501953125,2,318,67,5,1,0,0.0,803.7,14.6,41.25,791.2,7.8,390.4,0.0,30.92,0.16,146.4
1791188164,2.0,47.34,0.82,0.0,0.0,2.203125,1,319,64,4,1,0,0.0,662.0,8.4,25.11,732.2,5.24,390.0,0.0,30.92,0.15,146.4
1791188171,1.7,47.4,0.82,0.0,0.0,1.94384765625,1,319,64,4,1,0,0.0,320.2,2.3,21.82,732.1,5.49,390.5,0.0,30.92,0.25,146.4
1791188179,1.7,47.39,0.82,0.0,0.0,1.8681640625,1,319,64,4,1,0,0.0,294.5,1.9,26.89,731.9,5.5,390.7,0.0,30.92,0.16,146.4
