Timestamp,User Count,Type,Name,Requests/s,Failures/s,50%,66%,75%,80%,90%,95%,98%,99%,99.9%,99.99%,100%,Total Request Count,Total Failure Count,Total Median Response Time,Total Average Response Time,Total Min Response Time,Total Max Response Time,Total Average Content Size
1791188724,0,,Aggregated,0.000000,0.000000,N/A,N/A,N/A,N/A,N/A,N/A,N/A,N/A,N/A,N/A,N/A,0,0,0,0.0,0,0,0
1791188725,0,,Aggregated,0.000000,0.000000,N/A,N/A,N/A,N/A,N/A,N/A,N/A,N/A,N/A,N/A,N/A,0,0,0,0.0,0,0,0
1791188726,10,,Aggregated,0.000000,0.000000,N/A,N/A,N/A,N/A,N/A,N/A,N/A,N/A,N/A,N/A,N/A,0,0,0,0.0,0,0,0
1791188727,20,,Aggregated,0.000000,0.000000,N/A,N/A,N/A,N/A,N/A,N/A,N/A,N/A,N/A,N/A,N/A,0,0,0,0.0,0,0,0
1791188728,30,,Aggregated,0.000000,0.000000,91,93,94,99,140,160,160,160,160,160,160,275,0,91,88.58477807688442,11.771546909585595,161.94629669189453,771723.5927272728
1791188729,40,,Aggregated,0.000000,0.000000,91,93,94,99,140,160,160,160,160,160,160,275,0,91,88.58477807688442,11.771546909585595,161.94629669189453,771723.5927272728
1791188730,50,,Aggregated,104.333333,0.000000,97,150,180,180,180,180,190,190,190,190,190,703,0,97,115.58011344900278,11.771546909585595,188.81655391305685,777291.7638691323
1791188731,50,,Aggregated,104.333333,0.000000,97,150,180,180,180,180,190,190,190,190,190,703,0,97,115.58011344900278,11.771546909585595,188.81655391305685,777291.7638691323
1791188732,50,,Aggregated,104.333333,0.000000,97,150,180,180,180,180,190,190,190,190,190,703,0,97,115.58011344900278,11.771546909585595,188.81655391305685,777291.7638691323
1791188733,50,,Aggregated,113.750000,0.000000,96,150,180,180,180,180,190,190,190,190,190,800,0,96,115.87565903901123,11.771546909585595,188.81655391305685,810184.9775
1791188734,50,,Aggregated,113.750000,0.000000,96,150,180,180,180,180,190,190,190,190,190,800,0,96,115.87565903901123,11.771546909585595,188.81655391305685,810184.9775
1791188735,50,,Aggregated,113.750000,0.000000,96,150,180,180,180,180,190,190,190,190,190,800,0,96,115.87565903901123,11.771546909585595,188.81655391305685,810184.9775
1791188736,50,,Aggregated,113.750000,0.000000,96,150,180,180,180,180,190,190,190,190,190,800,0,96,115.87565903901123,11.771546909585595,188.81655391305685,810184.9775
1791188737,50,,Aggregated,113.750000,0.000000,96,150,180,180,180,180,190,190,190,190,190,800,0,96,115.87565903901123,11.771546909585595,188.81655391305685,810184.9775
1791188738,50,,Aggregated,113.750000,0.000000,96,150,180,180,180,180,190,190,190,190,190,800,0,96,115.87565903901123,11.771546909585595,188.81655391305685,810184.9775
1791188739,50,,Aggregated,113.750000,0.000000,96,150,180,180,180,180,190,190,190,190,190,800,0,96,115.87565903901123,11.771546909585595,188.81655391305685,810184.9775
1791188740,50,,Aggregated,113.750000,0.000000,96,150,180,180,180,180,190,190,190,190,190,800,0,96,115.87565903901123,11.771546909585595,188.81655391305685,810184.9775
1791188741,50,,Aggregated,113.750000,0.000000,96,150,180,180,180,180,190,190,190,190,190,800,0,96,115.87565903901123,11.771546909585595,188.81655391305685,810184.9775
1791188742,50,,Aggregated,113.750000,0.000000,96,150,180,180,180,180,190,190,190,190,190,800,0,96,115.87565903901123,11.771546909585595,188.81655391305685,810184.9775
1791188743,50,,Aggregated,113.750000,0.000000,96,150,180,180,180,180,190,190,190,190,190,800,0,96,115.87565903901123,11.771546909585595,188.81655391305685,810184.9775
1791188744,50,,Aggregated,113.750000,0.000000,96,150,180,180,180,180,190,190,190,190,190,800,0,96,115.87565903901123,11.771546909585595,188.81655391305685,810184.9775
1791188745,50,,Aggregated,113.750000,0.000000,96,150,180,180,180,180,190,190,190,190,190,800,0,96,115.87565903901123,11.771546909585595,188.81655391305685,810184.9775
1791188746,50,,Aggregated,113.750000,0.000000,96,150,180,180,180,180,190,190,190,190,190,800,0,96,115.87565903901123,11.771546909585595,188.81655391305685,810184.9775
1791188747,50,,Aggregated,113.750000,0.000000,96,150,180,180,180,180,190,190,190,190,190,800,0,96,115.87565903901123,11.771546909585595,188.81655391305685,810184.9775
1791188748,50,,Aggregated,113.750000,0.000000,96,150,180,180,180,180,190,190,190,190,190,800,0,96,115.87565903901123,11.771546909585595,188.81655391305685,810184.9775
1791188749,50,,Aggregated,113.750000,0.000000,96,150,180,180,180,180,190,190,190,190,190,800,0,96,115.87565903901123,11.771546909585595,188.81655391305685,810184.9775
1791188750,50,,Aggregated,113.750000,0.000000,96,150,180,180,180,180,190,190,190,190,190,800,0,96,115.87565903901123,11.771546909585595,188.81655391305685,810184.9775
1791188751,50,,Aggregated,0.000000,0.000000,93,120,160,180,180,180,190,190,190,190,190,963,0,93,110.90409368743708,11.771546909585595,188.81655391305685,850274.8556593977
1791188752,50,,Aggregated,0.000000,0.000000,93,120,160,180,180,180,190,190,190,190,190,963,0,93,110.90409368743708,11.771546909585595,188.81655391305685,850274.8556593977
1791188753,50,,Aggregated,0.000000,0.000000,93,120,160,180,180,180,190,190,190,190,190,963,0,93,110.90409368743708,11.771546909585595,188.81655391305685,850274.8556593977
1791188754,50,,Aggregated,18.300000,0.000000,93,97,140,160,180,180,190,190,190,190,190,1200,0,93,106.338152801812,11.771546909585595,188.81655391305685,889439.3316666667
1791188755,50,,Aggregated,18.300000,0.000000,93,97,140,160,180,180,190,190,190,190,190,1200,0,93,106.338152801812,11.771546909585595,188.81655391305685,889439.3316666667
1791188756,50,,Aggregated,18.300000,0.000000,93,97,140,160,180,180,190,190,190,190,190,1200,0,93,106.338152801812,11.771546909585595,188.81655391305685,889439.3316666667
1791188757,50,,Aggregated,18.300000,0.000000,93,97,140,160,180,180,190,190,190,190,190,1200,0,93,106.338152801812,11.771546909585595,188.81655391305685,889439.3316666667
1791188758,50,,Aggregated,18.300000,0.000000,93,97,140,160,180,180,190,190,190,190,190,1200,0,93,106.338152801812,11.771546909585595,188.81655391305685,889439.3316666667
1791188759,50,,Aggregated,18.300000,0.000000,93,97,140,160,180,180,190,190,190,190,190,1200,0,93,106.338152801812,11.771546909585595,188.81655391305685,889439.3316666667
1791188760,50,,Aggregated,18.300000,0.000000,93,97,140,160,180,180,190,190,190,190,190,1200,0,93,106.338152801812,11.771546909585595,188.81655391305685,889439.3316666667
1791188761,50,,Aggregated,18.300000,0.000000,93,97,140,160,180,180,190,190,190,190,190,1200,0,93,106.338152801812,11.771546909585595,188.81655391305685,889439.3316666667
1791188762,50,,Aggregated,18.300000,0.000000,93,97,140,160,180,180,190,190,190,190,190,1200,0,93,106.338152801812,11.771546909585595,188.81655391305685,889439.3316666667
1791188763,50,,Aggregated,18.300000,0.000000,93,97,140,160,180,180,190,190,190,190,190,1200,0,93,106.338152801812,11.771546909585595,188.81655391305685,889439.3316666667
1791188764,50,,Aggregated,18.300000,0.000000,93,97,140,160,180,180,190,190,190,190,190,1200,0,93,106.338152801812,11.771546909585595,188.81655391305685,889439.3316666667
1791188765,50,,Aggregated,18.300000,0.000000,93,97,140,160,180,180,190,190,190,190,190,1200,0,93,106.338152801812,11.771546909585595,188.81655391305685,889439.3316666667
1791188766,50,,Aggregated,18.300000,0.000000,93,97,140,160,180,180,190,190,190,190,190,1200,0,93,106.338152801812,11.771546909585595,188.81655391305685,889439.3316666667
1791188767,50,,Aggregated,18.300000,0.000000,93,97,140,160,180,180,190,190,190,190,190,1200,0,93,106.338152801812,11.771546909585595,188.81655391305685,889439.3316666667
1791188768,50,,Aggregated,18.300000,0.000000,93,97,140,160,180,180,190,190,190,190,190,1200,0,93,106.338152801812,11.771546909585595,188.81655391305685,889439.3316666667
1791188769,50,,Aggregated,18.300000,0.000000,93,97,140,160,180,180,190,190,190,190,190,1200,0,93,106.338152801812,11.771546909585595,188.81655391305685,889439.3316666667
1791188770,50,,Aggregated,18.300000,0.000000,93,97,140,160,180,180,190,190,190,190,190,1200,0,93,106.338152801812,11.771546909585595,188.81655391305685,889439.3316666667
1791188771,50,,Aggregated,18.300000,0.000000,93,97,140,160,180,180,190,190,190,190,190,1200,0,93,106.338152801812,11.771546909585595,188.81655391305685,889439.3316666667
1791188772,50,,Aggregated,0.000000,0.000000,92,96,130,160,180,180,190,190,190,190,190,1280,0,92,105.03295872040326,11.771546909585595,188.81655391305685,899385.3734375
1791188773,50,,Aggregated,0.000000,0.000000,92,96,130,160,180,180,190,190,190,190,190,1280,0,92,105.03295872040326,11.771546909585595,188.81655391305685,899385.3734375
1791188774,50,,Aggregated,0.000000,0.000000,92,96,130,160,180,180,190,190,190,190,190,1280,0,92,105.03295872040326,11.771546909585595,188.81655391305685,899385.3734375
1791188775,50,,Aggregated,8.000000,0.000000,92,95,100,140,180,180,190,190,190,190,190,1516,0,92,102.39375267459798,11.771546909585595,188.81655391305685,922527.4551451188
1791188776,50,,Aggregated,8.000000,0.000000,92,95,100,140,180,180,190,190,190,190,190,1516,0,92,102.39375267459798,11.771546909585595,188.81655391305685,922527.4551451188
1791188777,50,,Aggregated,8.000000,0.000000,92,95,100,140,180,180,190,190,190,190,190,1516,0,92,102.39375267459798,11.771546909585595,188.81655391305685,922527.4551451188
1791188778,50,,Aggregated,16.000000,0.000000,92,95,100,130,180,180,190,190,190,190,190,1600,0,92,101.5957494059694,11.771546909585595,188.81655391305685,929145.00375
1791188779,50,,Aggregated,16.000000,0.000000,92,95,100,130,180,180,190,190,190,190,190,1600,0,92,101.5957494059694,11.771546909585595,188.81655391305685,929145.00375
1791188780,50,,Aggregated,16.000000,0.000000,92,95,100,130,180,180,190,190,190,190,190,1600,0,92,101.5957494059694,11.771546909585595,188.81655391305685,929145.00375
1791188781,50,,Aggregated,16.000000,0.000000,92,95,100,130,180,180,190,190,190,190,190,1600,0,92,101.5957494059694,11.771546909585595,188.81655391305685,929145.00375
1791188782,50,,Aggregated,16.000000,0.000000,92,95,100,130,180,180,190,190,190,190,190,1600,0,92,101.5957494059694,11.771546909585595,188.81655391305685,929145.00375
1791188783,50,,Aggregated,16.000000,0.000000,92,95,100,130,180,180,190,190,190,190,190,1600,0,92,101.5957494059694,11.771546909585595,188.81655391305685,929145.00375
1791188784,50,,Aggregated,16.000000,0.000000,92,95,100,130,180,180,190,190,190,190,190,1600,0,92,101.5957494059694,11.771546909585595,188.81655391305685,929145.00375
1791188785,50,,Aggregated,16.000000,0.000000,92,95,100,130,180,180,190,190,190,190,190,1600,0,92,101.5957494059694,11.771546909585595,188.81655391305685,929145.00375
1791188786,50,,Aggregated,16.000000,0.000000,92,95,100,130,180,180,190,190,190,190,190,1600,0,92,101.5957494059694,11.771546909585595,188.81655391305685,929145.00375
1791188787,50,,Aggregated,16.000000,0.000000,92,95,100,130,180,180,190,190,190,190,190,1600,0,92,101.5957494059694,11.771546909585595,188.81655391305685,929145.00375
1791188788,50,,Aggregated,16.000000,0.000000,92,95,100,130,180,180,190,190,190,190,190,1600,0,92,101.5957494059694,11.771546909585595,188.81655391305685,929145.00375
1791188789,50,,Aggregated,16.000000,0.000000,92,95,100,130,180,180,190,190,190,190,190,1600,0,92,101.5957494059694,11.771546909585595,188.81655391305685,929145.00375
1791188790,50,,Aggregated,16.000000,0.000000,92,95,100,130,180,180,190,190,190,190,190,1600,0,92,101.5957494059694,11.771546909585595,188.81655391305685,929145.00375
1791188791,50,,Aggregated,16.000000,0.000000,92,95,100,130,180,180,190,190,190,190,190,1600,0,92,101.5957494059694,11.771546909585595,188.81655391305685,929145.00375
1791188792,50,,Aggregated,16.000000,0.000000,92,95,100,130,180,180,190,190,190,190,190,1600,0,92,101.5957494059694,11.771546909585595,188.81655391305685,929145.00375
1791188793,50,,Aggregated,16.000000,0.000000,92,95,100,130,180,180,190,190,190,190,190,1600,0,92,101.5957494059694,11.771546909585595,188.81655391305685,929145.00375
1791188794,50,,Aggregated,16.000000,0.000000,92,95,100,130,180,180,190,190,190,190,190,1600,0,92,101.5957494059694,11.771546909585595,188.81655391305685,929145.00375
1791188795,50,,Aggregated,16.000000,0.000000,92,95,100,130,180,180,190,190,190,190,190,1600,0,92,101.5957494059694,11.771546909585595,188.81655391305685,929145.00375
1791188796,50,,Aggregated,0.000000,0.000000,92,94,97,110,180,180,180,190,190,190,190,1793,0,92,100.04438595091577,11.771546909585595,188.81655391305685,941930.6090351366
1791188797,50,,Aggregated,0.000000,0.000000,92,94,97,110,180,180,180,190,190,190,190,1793,0,92,100.04438595091577,11.771546909585595,188.81655391305685,941930.6090351366
1791188798,50,,Aggregated,0.000000,0.000000,92,94,97,110,180,180,180,190,190,190,190,1793,0,92,100.04438595091577,11.771546909585595,188.81655391305685,941930.6090351366
1791188799,50,,Aggregated,21.300000,0.000000,92,94,96,100,180,180,180,190,190,190,190,2000,0,92,98.77865603147075,11.771546909585595,188.81655391305685,952842.815
1791188800,50,,Aggregated,21.300000,0.000000,92,94,96,100,180,180,180,190,190,190,190,2000,0,92,98.77865603147075,11.771546909585595,188.81655391305685,952842.815
1791188801,50,,Aggregated,21.300000,0.000000,92,94,96,100,180,180,180,190,190,190,190,2000,0,92,98.77865603147075,11.771546909585595,188.81655391305685,952842.815
1791188802,50,,Aggregated,21.300000,0.000000,92,94,96,100,180,180,180,190,190,190,190,2000,0,92,98.77865603147075,11.771546909585595,188.81655391305685,952842.815
1791188803,50,,Aggregated,21.300000,0.000000,92,94,96,100,180,180,180,190,190,190,190,2000,0,92,98.77865603147075,11.771546909585595,188.81655391305685,952842.815
1791188804,50,,Aggregated,21.300000,0.000000,92,94,96,100,180,180,180,190,190,190,190,2000,0,92,98.77865603147075,11.771546909585595,188.81655391305685,952842.815
1791188805,50,,Aggregated,21.300000,0.000000,92,94,96,100,180,180,180,190,190,190,190,2000,0,92,98.77865603147075,11.771546909585595,188.81655391305685,952842.815
1791188806,50,,Aggregated,21.300000,0.000000,92,94,96,100,180,180,180,190,190,190,190,2000,0,92,98.77865603147075,11.771546909585595,188.81655391305685,952842.815
1791188807,50,,Aggregated,21.300000,0.000000,92,94,96,100,180,180,180,190,190,190,190,2000,0,92,98.77865603147075,11.771546909585595,188.81655391305685,952842.815
1791188808,50,,Aggregated,21.300000,0.000000,92,94,96,100,180,180,180,190,190,190,190,2000,0,92,98.77865603147075,11.771546909585595,188.81655391305685,952842.815
1791188809,50,,Aggregated,21.300000,0.000000,92,94,96,100,180,180,180,190,190,190,190,2000,0,92,98.77865603147075,11.771546909585595,188.81655391305685,952842.815
1791188810,50,,Aggregated,21.300000,0.000000,92,94,96,100,180,180,180,190,190,190,190,2000,0,92,98.77865603147075,11.771546909585595,188.81655391305685,952842.815
1791188811,50,,Aggregated,21.300000,0.000000,92,94,96,100,180,180,180,190,190,190,190,2000,0,92,98.77865603147075,11.771546909585595,188.81655391305685,952842.815
1791188812,50,,Aggregated,21.300000,0.000000,92,94,96,100,180,180,180,190,190,190,190,2000,0,92,98.77865603147075,11.771546909585595,188.81655391305685,952842.815
1791188813,50,,Aggregated,21.300000,0.000000,92,94,96,100,180,180,180,190,190,190,190,2000,0,92,98.77865603147075,11.771546909585595,188.81655391305685,952842.815
1791188814,50,,Aggregated,21.300000,0.000000,92,94,96,100,180,180,180,190,190,190,190,2000,0,92,98.77865603147075,11.771546909585595,188.81655391305685,952842.815
1791188815,50,,Aggregated,21.300000,0.000000,92,94,96,100,180,180,180,190,190,190,190,2000,0,92,98.77865603147075,11.771546909585595,188.81655391305685,952842.815
1791188816,50,,Aggregated,21.300000,0.000000,92,94,96,100,180,180,180,190,190,190,190,2000,0,92,98.77865603147075,11.771546909585595,188.81655391305685,952842.815
1791188817,50,,Aggregated,0.000000,0.000000,92,93,96,99,170,180,180,190,190,190,190,2080,0,92,98.22943009606276,11.771546909585595,188.81655391305685,956464.4798076923
1791188818,50,,Aggregated,0.000000,0.000000,92,93,96,99,170,180,180,190,190,190,190,2080,0,92,98.22943009606276,11.771546909585595,188.81655391305685,956464.4798076923
1791188819,50,,Aggregated,0.000000,0.000000,92,93,96,99,170,180,180,190,190,190,190,2080,0,92,98.22943009606276,11.771546909585595,188.81655391305685,956464.4798076923
1791188820,50,,Aggregated,9.300000,0.000000,92,93,95,97,160,180,180,190,190,190,190,2320,0,92,97.13850234964349,11.771546909585595,188.81655391305685,965993.2577586207
1791188821,50,,Aggregated,9.300000,0.000000,92,93,95,97,160,180,180,190,190,190,190,2320,0,92,97.13850234964349,11.771546909585595,188.81655391305685,965993.2577586207
1791188822,50,,Aggregated,9.300000,0.000000,92,93,95,97,160,180,180,190,190,190,190,2320,0,92,97.13850234964349,11.771546909585595,188.81655391305685,965993.2577586207
1791188823,50,,Aggregated,17.300000,0.000000,91,93,95,97,160,180,180,190,190,190,190,2400,0,91,96.859345913302,11.771546909585595,188.81655391305685,968693.6858333333
1791188824,50,,Aggregated,17.300000,0.000000,91,93,95,97,160,180,180,190,190,190,190,2400,0,91,96.859345913302,11.771546909585595,188.81655391305685,968693.6858333333
1791188826,50,,Aggregated,17.300000,0.000000,91,93,95,97,160,180,180,190,190,190,190,2400,0,91,96.859345913302,11.771546909585595,188.81655391305685,968693.6858333333
1791188827,50,,Aggregated,17.300000,0.000000,91,93,95,97,160,180,180,190,190,190,190,2400,0,91,96.859345913302,11.771546909585595,188.81655391305685,968693.6858333333
1791188828,50,,Aggregated,17.300000,0.000000,91,93,95,97,160,180,180,190,190,190,190,2400,0,91,96.859345913302,11.771546909585595,188.81655391305685,968693.6858333333
1791188829,50,,Aggregated,17.300000,0.000000,91,93,95,97,160,180,180,190,190,190,190,2400,0,91,96.859345913302,11.771546909585595,188.81655391305685,968693.6858333333
1791188830,50,,Aggregated,17.300000,0.000000,91,93,95,97,160,180,180,190,190,190,190,2400,0,91,96.859345913302,11.771546909585595,188.81655391305685,968693.6858333333
1791188831,50,,Aggregated,17.300000,0.000000,91,93,95,97,160,180,180,190,190,190,190,2400,0,91,96.859345913302,11.771546909585595,188.81655391305685,968693.6858333333
1791188832,50,,Aggregated,17.300000,0.000000,91,93,95,97,160,180,180,190,190,190,190,2400,0,91,96.859345913302,11.771546909585595,188.81655391305685,968693.6858333333
1791188833,50,,Aggregated,17.300000,0.000000,91,93,95,97,160,180,180,190,190,190,190,2400,0,91,96.859345913302,11.771546909585595,188.81655391305685,968693.6858333333
1791188834,50,,Aggregated,17.300000,0.000000,91,93,95,97,160,180,180,190,190,190,190,2400,0,91,96.859345913302,11.771546909585595,188.81655391305685,968693.6858333333
1791188835,50,,Aggregated,17.300000,0.000000,91,93,95,97,160,180,180,190,190,190,190,2400,0,91,96.859345913302,11.771546909585595,188.81655391305685,968693.6858333333
1791188836,50,,Aggregated,17.300000,0.000000,91,93,95,97,160,180,180,190,190,190,190,2400,0,91,96.859345913302,11.771546909585595,188.81655391305685,968693.6858333333
1791188837,50,,Aggregated,17.300000,0.000000,91,93,95,97,160,180,180,190,190,190,190,2400,0,91,96.859345913302,11.771546909585595,188.81655391305685,968693.6858333333
1791188838,50,,Aggregated,17.300000,0.000000,91,93,95,97,160,180,180,190,190,190,190,2400,0,91,96.859345913302,11.771546909585595,188.81655391305685,968693.6858333333
1791188839,50,,Aggregated,17.300000,0.000000,91,93,95,97,160,180,180,190,190,190,190,2400,0,91,96.859345913302,11.771546909585595,188.81655391305685,968693.6858333333
1791188840,50,,Aggregated,17.300000,0.000000,91,93,95,97,160,180,180,190,190,190,190,2400,0,91,96.859345913302,11.771546909585595,188.81655391305685,968693.6858333333
1791188841,50,,Aggregated,17.300000,0.000000,91,93,95,97,160,180,180,190,190,190,190,2400,0,91,96.859345913302,11.771546909585595,188.81655391305685,968693.6858333333
1791188842,50,,Aggregated,0.000000,0.000000,91,93,95,96,150,180,180,190,190,190,190,2627,0,91,96.03410374552584,11.771546909585595,188.81655391305685,975548.536733917
1791188843,50,,Aggregated,0.000000,0.000000,91,93,95,96,150,180,180,190,190,190,190,2627,0,91,96.03410374552584,11.771546909585595,188.81655391305685,975548.536733917
1791188844,50,,Aggregated,0.000000,0.000000,91,93,95,96,150,180,180,190,190,190,190,2627,0,91,96.03410374552584,11.771546909585595,188.81655391305685,975548.536733917
1791188845,50,,Aggregated,16.000000,0.000000,91,93,94,96,140,180,180,190,190,190,190,2800,0,91,95.4766832655462,11.771546909585595,188.81655391305685,980060.5907142857
1791188846,50,,Aggregated,16.000000,0.000000,91,93,94,96,140,180,180,190,190,190,190,2800,0,91,95.4766832655462,11.771546909585595,188.81655391305685,980060.5907142857
1791188847,60,,Aggregated,16.000000,0.000000,91,93,94,96,140,180,180,190,190,190,190,2800,0,91,95.4766832655462,11.771546909585595,188.81655391305685,980060.5907142857
1791188848,70,,Aggregated,40.000000,0.000000,91,93,94,96,140,180,180,190,190,190,190,3056,0,91,94.8233907971914,10.653531877323985,188.81655391305685,960845.9482984294
1791188849,80,,Aggregated,40.000000,0.000000,91,93,94,96,140,180,180,190,190,190,190,3056,0,91,94.8233907971914,10.653531877323985,188.81655391305685,960845.9482984294
1791188850,90,,Aggregated,40.000000,0.000000,91,93,94,96,140,180,180,190,190,190,190,3056,0,91,94.8233907971914,10.653531877323985,188.81655391305685,960845.9482984294
1791188851,100,,Aggregated,67.000000,0.000000,92,94,96,100,170,180,180,190,300,460,460,3490,0,92,98.85148507159971,10.653531877323985,455.3093158174306,939033.1661891118
1791188852,100,,Aggregated,67.000000,0.000000,92,94,96,100,170,180,180,190,300,460,460,3490,0,92,98.85148507159971,10.653531877323985,455.3093158174306,939033.1661891118
1791188853,100,,Aggregated,67.000000,0.000000,92,94,96,100,170,180,180,190,300,460,460,3490,0,92,98.85148507159971,10.653531877323985,455.3093158174306,939033.1661891118
1791188854,100,,Aggregated,82.000000,0.000000,92,94,97,100,170,180,180,190,310,460,460,3600,0,92,99.54317437361978,10.653531877323985,455.3093158174306,942380.3083333333
1791188855,100,,Aggregated,82.000000,0.000000,92,94,97,100,170,180,180,190,310,460,460,3600,0,92,99.54317437361978,10.653531877323985,455.3093158174306,942380.3083333333
1791188856,100,,Aggregated,82.000000,0.000000,92,94,97,100,170,180,180,190,310,460,460,3600,0,92,99.54317437361978,10.653531877323985,455.3093158174306,942380.3083333333
1791188857,100,,Aggregated,82.000000,0.000000,92,94,97,100,170,180,180,190,310,460,460,3600,0,92,99.54317437361978,10.653531877323985,455.3093158174306,942380.3083333333
1791188858,100,,Aggregated,82.000000,0.000000,92,94,97,100,170,180,180,190,310,460,460,3600,0,92,99.54317437361978,10.653531877323985,455.3093158174306,942380.3083333333
1791188859,100,,Aggregated,82.000000,0.000000,92,94,97,100,170,180,180,190,310,460,460,3600,0,92,99.54317437361978,10.653531877323985,455.3093158174306,942380.3083333333
1791188860,100,,Aggregated,82.000000,0.000000,92,94,97,100,170,180,180,190,310,460,460,3600,0,92,99.54317437361978,10.653531877323985,455.3093158174306,942380.3083333333
1791188861,100,,Aggregated,82.000000,0.000000,92,94,97,100,170,180,180,190,310,460,460,3600,0,92,99.54317437361978,10.653531877323985,455.3093158174306,942380.3083333333
1791188862,100,,Aggregated,82.000000,0.000000,92,94,97,100,170,180,180,190,310,460,460,3600,0,92,99.54317437361978,10.653531877323985,455.3093158174306,942380.3083333333
1791188863,100,,Aggregated,23.500000,0.000000,92,94,97,100,170,180,180,190,310,460,460,3710,0,92,99.06999535859886,10.653531877323985,455.3093158174306,945495.1153638815
1791188864,100,,Aggregated,23.500000,0.000000,92,94,97,100,170,180,180,190,310,460,460,3710,0,92,99.06999535859886,10.653531877323985,455.3093158174306,945495.1153638815
1791188865,100,,Aggregated,23.500000,0.000000,92,94,97,100,170,180,180,190,310,460,460,3710,0,92,99.06999535859886,10.653531877323985,455.3093158174306,945495.1153638815
1791188866,100,,Aggregated,11.900000,0.000000,92,94,96,100,170,180,180,190,310,460,460,3935,0,92,98.31842472522344,10.653531877323985,455.3093158174306,951357.2772554002
1791188867,100,,Aggregated,11.900000,0.000000,92,94,96,100,170,180,180,190,310,460,460,3935,0,92,98.31842472522344,10.653531877323985,455.3093158174306,951357.2772554002
1791188868,100,,Aggregated,11.900000,0.000000,92,94,96,100,170,180,180,190,310,460,460,3935,0,92,98.31842472522344,10.653531877323985,455.3093158174306,951357.2772554002
1791188869,100,,Aggregated,19.500000,0.000000,92,94,96,100,170,180,180,190,310,460,460,3992,0,92,98.18135578414417,10.653531877323985,455.3093158174306,952713.9594188377
1791188870,100,,Aggregated,19.500000,0.000000,92,94,96,100,170,180,180,190,310,460,460,3992,0,92,98.18135578414417,10.653531877323985,455.3093158174306,952713.9594188377
1791188871,100,,Aggregated,19.500000,0.000000,92,94,96,100,170,180,180,190,310,460,460,3992,0,92,98.18135578414417,10.653531877323985,455.3093158174306,952713.9594188377
1791188872,100,,Aggregated,39.200000,0.000000,92,94,96,100,170,180,180,190,300,460,460,4165,0,92,97.75451436607527,10.653531877323985,455.3093158174306,956224.000240096
1791188873,100,,Aggregated,39.200000,0.000000,92,94,96,100,170,180,180,190,300,460,460,4165,0,92,97.75451436607527,10.653531877323985,455.3093158174306,956224.000240096
1791188874,100,,Aggregated,39.200000,0.000000,92,94,96,100,170,180,180,190,300,460,460,4165,0,92,97.75451436607527,10.653531877323985,455.3093158174306,956224.000240096
1791188875,100,,Aggregated,51.200000,0.000000,92,93,96,99,160,180,180,190,300,460,460,4405,0,92,97.082715999297,10.653531877323985,455.3093158174306,961227.1530079455
1791188876,100,,Aggregated,51.200000,0.000000,92,93,96,99,160,180,180,190,300,460,460,4405,0,92,97.082715999297,10.653531877323985,455.3093158174306,961227.1530079455
1791188877,100,,Aggregated,51.200000,0.000000,92,93,96,99,160,180,180,190,300,460,460,4405,0,92,97.082715999297,10.653531877323985,455.3093158174306,961227.1530079455
1791188878,100,,Aggregated,51.200000,0.000000,92,93,96,99,160,180,180,190,300,460,460,4405,0,92,97.082715999297,10.653531877323985,455.3093158174306,961227.1530079455
1791188879,100,,Aggregated,51.200000,0.000000,92,93,96,99,160,180,180,190,300,460,460,4405,0,92,97.082715999297,10.653531877323985,455.3093158174306,961227.1530079455
1791188880,100,,Aggregated,51.200000,0.000000,92,93,96,99,160,180,180,190,300,460,460,4405,0,92,97.082715999297,10.653531877323985,455.3093158174306,961227.1530079455
1791188881,100,,Aggregated,51.200000,0.000000,92,93,96,99,160,180,180,190,300,460,460,4405,0,92,97.082715999297,10.653531877323985,455.3093158174306,961227.1530079455
1791188882,100,,Aggregated,51.200000,0.000000,92,93,96,99,160,180,180,190,300,460,460,4405,0,92,97.082715999297,10.653531877323985,455.3093158174306,961227.1530079455
1791188883,100,,Aggregated,51.200000,0.000000,92,93,96,99,160,180,180,190,300,460,460,4405,0,92,97.082715999297,10.653531877323985,455.3093158174306,961227.1530079455
1791188884,100,,Aggregated,33.300000,0.000000,92,93,96,99,160,180,180,190,300,460,460,4407,0,92,97.04716717901475,10.653531877323985,455.3093158174306,961266.7939641479
1791188885,100,,Aggregated,33.300000,0.000000,92,93,96,99,160,180,180,190,300,460,460,4407,0,92,97.04716717901475,10.653531877323985,455.3093158174306,961266.7939641479
1791188886,100,,Aggregated,33.300000,0.000000,92,93,96,99,160,180,180,190,300,460,460,4407,0,92,97.04716717901475,10.653531877323985,455.3093158174306,961266.7939641479
1791188887,100,,Aggregated,9.200000,0.000000,91,93,95,98,160,180,180,190,300,460,460,4634,0,91,96.19975733019277,10.653531877323985,455.3093158174306,965092.5999136815
1791188888,100,,Aggregated,9.200000,0.000000,91,93,95,98,160,180,180,190,300,460,460,4634,0,91,96.19975733019277,10.653531877323985,455.3093158174306,965092.5999136815
1791188889,100,,Aggregated,9.200000,0.000000,91,93,95,98,160,180,180,190,300,460,460,4634,0,91,96.19975733019277,10.653531877323985,455.3093158174306,965092.5999136815
1791188890,100,,Aggregated,15.100000,0.000000,91,93,95,98,160,180,180,190,300,460,460,4786,0,91,95.80175282413781,10.653531877323985,455.3093158174306,967743.974091099
1791188891,100,,Aggregated,15.100000,0.000000,91,93,95,98,160,180,180,190,300,460,460,4786,0,91,95.80175282413781,10.653531877323985,455.3093158174306,967743.974091099
1791188892,100,,Aggregated,15.100000,0.000000,91,93,95,98,160,180,180,190,300,460,460,4786,0,91,95.80175282413781,10.653531877323985,455.3093158174306,967743.974091099
1791188893,100,,Aggregated,38.100000,0.000000,91,93,95,97,150,180,180,180,300,460,460,4876,0,91,95.31529971250005,10.653531877323985,455.3093158174306,968832.9956931912
1791188894,100,,Aggregated,38.100000,0.000000,91,93,95,97,150,180,180,180,300,460,460,4876,0,91,95.31529971250005,10.653531877323985,455.3093158174306,968832.9956931912
1791188895,100,,Aggregated,38.100000,0.000000,91,93,95,97,150,180,180,180,300,460,460,4876,0,91,95.31529971250005,10.653531877323985,455.3093158174306,968832.9956931912
1791188896,100,,Aggregated,48.200000,0.000000,91,93,95,97,150,180,180,180,300,460,460,5103,0,91,94.91862507192803,10.653531877323985,455.3093158174306,972380.2545561434
1791188897,100,,Aggregated,48.200000,0.000000,91,93,95,97,150,180,180,180,300,460,460,5103,0,91,94.91862507192803,10.653531877323985,455.3093158174306,972380.2545561434
1791188898,100,,Aggregated,48.200000,0.000000,91,93,95,97,150,180,180,180,300,460,460,5103,0,91,94.91862507192803,10.653531877323985,455.3093158174306,972380.2545561434
1791188899,100,,Aggregated,54.800000,0.000000,91,93,95,97,150,180,180,180,300,460,460,5207,0,91,94.69585411588815,10.653531877323985,455.3093158174306,973902.1207989245
1791188900,100,,Aggregated,54.800000,0.000000,91,93,95,97,150,180,180,180,300,460,460,5207,0,91,94.69585411588815,10.653531877323985,455.3093158174306,973902.1207989245
1791188901,100,,Aggregated,54.800000,0.000000,91,93,95,97,150,180,180,180,300,460,460,5207,0,91,94.69585411588815,10.653531877323985,455.3093158174306,973902.1207989245
1791188902,100,,Aggregated,54.800000,0.000000,91,93,95,97,150,180,180,180,300,460,460,5207,0,91,94.69585411588815,10.653531877323985,455.3093158174306,973902.1207989245
1791188903,100,,Aggregated,54.800000,0.000000,91,93,95,97,150,180,180,180,300,460,460,5207,0,91,94.69585411588815,10.653531877323985,455.3093158174306,973902.1207989245
1791188904,100,,Aggregated,54.800000,0.000000,91,93,95,97,150,180,180,180,300,460,460,5207,0,91,94.69585411588815,10.653531877323985,455.3093158174306,973902.1207989245
1791188905,100,,Aggregated,42.100000,0.000000,91,93,95,97,150,180,180,180,300,460,460,5220,0,91,94.50023932881132,10.653531877323985,455.3093158174306,973711.6892720306
1791188906,100,,Aggregated,42.100000,0.000000,91,93,95,97,150,180,180,180,300,460,460,5220,0,91,94.50023932881132,10.653531877323985,455.3093158174306,973711.6892720306
1791188907,100,,Aggregated,42.100000,0.000000,91,93,95,97,150,180,180,180,300,460,460,5220,0,91,94.50023932881132,10.653531877323985,455.3093158174306,973711.6892720306
1791188908,100,,Aggregated,18.700000,0.000000,91,93,94,96,140,180,180,180,300,460,460,5372,0,91,93.71666747689898,10.653531877323985,455.3093158174306,975464.2138868206
1791188909,100,,Aggregated,18.700000,0.000000,91,93,94,96,140,180,180,180,300,460,460,5372,0,91,93.71666747689898,10.653531877323985,455.3093158174306,975464.2138868206
1791188910,100,,Aggregated,18.700000,0.000000,91,93,94,96,140,180,180,180,300,460,460,5372,0,91,93.71666747689898,10.653531877323985,455.3093158174306,975464.2138868206
1791188911,100,,Aggregated,17.000000,0.000000,91,93,94,96,140,180,180,180,300,460,460,5561,0,91,92.92076887417001,10.653531877323985,455.3093158174306,977595.7216327998
1791188912,100,,Aggregated,17.000000,0.000000,91,93,94,96,140,180,180,180,300,460,460,5561,0,91,92.92076887417001,10.653531877323985,455.3093158174306,977595.7216327998
1791188913,100,,Aggregated,17.000000,0.000000,91,93,94,96,140,180,180,180,300,460,460,5561,0,91,92.92076887417001,10.653531877323985,455.3093158174306,977595.7216327998
1791188914,100,,Aggregated,29.800000,0.000000,91,93,94,96,140,170,180,180,300,460,460,5603,0,91,92.5075874174625,10.653531877323985,455.3093158174306,977777.1170801356
1791188915,100,,Aggregated,29.800000,0.000000,91,93,94,96,140,170,180,180,300,460,460,5603,0,91,92.5075874174625,10.653531877323985,455.3093158174306,977777.1170801356
1791188916,100,,Aggregated,29.800000,0.000000,91,93,94,96,140,170,180,180,300,460,460,5603,0,91,92.5075874174625,10.653531877323985,455.3093158174306,977777.1170801356
1791188917,100,,Aggregated,38.300000,0.000000,91,93,94,96,130,170,180,180,300,460,460,5784,0,91,92.25553597130698,10.653531877323985,455.3093158174306,979970.9285961272
1791188918,100,,Aggregated,38.300000,0.000000,91,93,94,96,130,170,180,180,300,460,460,5784,0,91,92.25553597130698,10.653531877323985,455.3093158174306,979970.9285961272
1791188919,100,,Aggregated,38.300000,0.000000,91,93,94,96,130,170,180,180,300,460,460,5784,0,91,92.25553597130698,10.653531877323985,455.3093158174306,979970.9285961272
1791188920,100,,Aggregated,48.800000,0.000000,91,93,94,95,130,170,180,180,300,460,460,6024,0,91,91.89638043705877,10.653531877323985,455.3093158174306,982315.4883798141
1791188921,100,,Aggregated,48.800000,0.000000,91,93,94,95,130,170,180,180,300,460,460,6024,0,91,91.89638043705877,10.653531877323985,455.3093158174306,982315.4883798141
1791188922,100,,Aggregated,48.800000,0.000000,91,93,94,95,130,170,180,180,300,460,460,6024,0,91,91.89638043705877,10.653531877323985,455.3093158174306,982315.4883798141
1791188923,100,,Aggregated,52.400000,0.000000,91,93,94,95,130,170,180,180,300,460,460,6037,0,91,91.73386991350297,10.653531877323985,455.3093158174306,982132.7111147922
1791188924,100,,Aggregated,52.400000,0.000000,91,93,94,95,130,170,180,180,300,460,460,6037,0,91,91.73386991350297,10.653531877323985,455.3093158174306,982132.7111147922
1791188925,100,,Aggregated,52.400000,0.000000,91,93,94,95,130,170,180,180,300,460,460,6037,0,91,91.73386991350297,10.653531877323985,455.3093158174306,982132.7111147922
1791188926,100,,Aggregated,43.400000,0.000000,91,93,94,95,130,170,180,180,300,460,460,6058,0,91,91.47452302310141,10.653531877323985,455.3093158174306,982038.7025420931
1791188927,100,,Aggregated,43.400000,0.000000,91,93,94,95,130,170,180,180,300,460,460,6058,0,91,91.47452302310141,10.653531877323985,455.3093158174306,982038.7025420931
1791188928,100,,Aggregated,43.400000,0.000000,91,93,94,95,130,170,180,180,300,460,460,6058,0,91,91.47452302310141,10.653531877323985,455.3093158174306,982038.7025420931
1791188929,100,,Aggregated,33.700000,0.000000,91,92,94,95,120,170,180,180,300,460,460,6103,0,91,91.21024117012455,10.653531877323985,455.3093158174306,982508.7314435523
1791188930,100,,Aggregated,33.700000,0.000000,91,92,94,95,120,170,180,180,300,460,460,6103,0,91,91.21024117012455,10.653531877323985,455.3093158174306,982508.7314435523
1791188931,100,,Aggregated,33.700000,0.000000,91,92,94,95,120,170,180,180,300,460,460,6103,0,91,91.21024117012455,10.653531877323985,455.3093158174306,982508.7314435523
1791188932,100,,Aggregated,14.200000,0.000000,91,92,94,95,120,170,180,180,300,460,460,6290,0,91,90.46214519161879,10.653531877323985,455.3093158174306,984452.9265500795
1791188933,100,,Aggregated,14.200000,0.000000,91,92,94,95,120,170,180,180,300,460,460,6290,0,91,90.46214519161879,10.653531877323985,455.3093158174306,984452.9265500795
1791188934,100,,Aggregated,14.200000,0.000000,91,92,94,95,120,170,180,180,300,460,460,6290,0,91,90.46214519161879,10.653531877323985,455.3093158174306,984452.9265500795
1791188935,100,,Aggregated,26.700000,0.000000,90,92,94,95,120,170,180,180,300,460,460,6402,0,90,89.86602330321266,10.653531877323985,455.3093158174306,985574.7297719463
1791188936,100,,Aggregated,26.700000,0.000000,90,92,94,95,120,170,180,180,300,460,460,6402,0,90,89.86602330321266,10.653531877323985,455.3093158174306,985574.7297719463
1791188937,100,,Aggregated,26.700000,0.000000,90,92,94,95,120,170,180,180,300,460,460,6402,0,90,89.86602330321266,10.653531877323985,455.3093158174306,985574.7297719463
1791188938,100,,Aggregated,35.700000,0.000000,90,92,94,95,120,170,180,180,300,460,460,6497,0,90,89.62993623486842,10.653531877323985,455.3093158174306,986193.5242419578
1791188939,100,,Aggregated,35.700000,0.000000,90,92,94,95,120,170,180,180,300,460,460,6497,0,90,89.62993623486842,10.653531877323985,455.3093158174306,986193.5242419578
1791188940,100,,Aggregated,35.700000,0.000000,90,92,94,95,120,170,180,180,300,460,460,6497,0,90,89.62993623486842,10.653531877323985,455.3093158174306,986193.5242419578
1791188941,100,,Aggregated,42.900000,0.000000,90,92,94,95,110,170,180,180,300,480,480,6764,0,90,89.4712233518144,10.653531877323985,477.168285055086,988365.5094618569
1791188942,100,,Aggregated,42.900000,0.000000,90,92,94,95,110,170,180,180,300,480,480,6764,0,90,89.4712233518144,10.653531877323985,477.168285055086,988365.5094618569
1791188943,100,,Aggregated,42.900000,0.000000,90,92,94,95,110,170,180,180,300,480,480,6764,0,90,89.4712233518144,10.653531877323985,477.168285055086,988365.5094618569
1791188944,100,,Aggregated,47.600000,0.000000,90,92,94,95,110,170,180,180,300,480,480,6852,0,90,89.36905730074659,10.653531877323985,477.168285055086,989138.7907180386
1791188945,100,,Aggregated,47.600000,0.000000,90,92,94,95,110,170,180,180,300,480,480,6852,0,90,89.36905730074659,10.653531877323985,477.168285055086,989138.7907180386
1791188946,100,,Aggregated,47.600000,0.000000,90,92,94,95,110,170,180,180,300,480,480,6852,0,90,89.36905730074659,10.653531877323985,477.168285055086,989138.7907180386
1791188947,100,,Aggregated,45.800000,0.000000,90,92,94,95,110,170,180,180,300,480,480,6868,0,90,89.21216786682446,10.653531877323985,477.168285055086,989277.2582993594
1791188948,100,,Aggregated,45.800000,0.000000,90,92,94,95,110,170,180,180,300,480,480,6868,0,90,89.21216786682446,10.653531877323985,477.168285055086,989277.2582993594
1791188949,100,,Aggregated,45.800000,0.000000,90,92,94,95,110,170,180,180,300,480,480,6868,0,90,89.21216786682446,10.653531877323985,477.168285055086,989277.2582993594
1791188950,100,,Aggregated,45.500000,0.000000,90,92,94,95,110,170,180,180,300,480,480,6897,0,90,88.91008531962228,10.653531877323985,477.168285055086,989241.7139335943
1791188951,100,,Aggregated,45.500000,0.000000,90,92,94,95,110,170,180,180,300,480,480,6897,0,90,88.91008531962228,10.653531877323985,477.168285055086,989241.7139335943
1791188952,100,,Aggregated,45.500000,0.000000,90,92,94,95,110,170,180,180,300,480,480,6897,0,90,88.91008531962228,10.653531877323985,477.168285055086,989241.7139335943
1791188953,100,,Aggregated,21.300000,0.000000,90,92,94,95,110,170,180,180,300,480,480,7023,0,90,88.50728391314162,10.653531877323985,477.168285055086,990270.4674640467
1791188954,100,,Aggregated,21.300000,0.000000,90,92,94,95,110,170,180,180,300,480,480,7023,0,90,88.50728391314162,10.653531877323985,477.168285055086,990270.4674640467
1791188955,100,,Aggregated,21.300000,0.000000,90,92,94,95,110,170,180,180,300,480,480,7023,0,90,88.50728391314162,10.653531877323985,477.168285055086,990270.4674640467
1791188956,100,,Aggregated,17.100000,0.000000,90,92,93,94,100,170,180,180,300,480,480,7212,0,90,87.72136007144549,10.653531877323985,477.168285055086,991526.0044370494
1791188957,100,,Aggregated,17.100000,0.000000,90,92,93,94,100,170,180,180,300,480,480,7212,0,90,87.72136007144549,10.653531877323985,477.168285055086,991526.0044370494
1791188958,100,,Aggregated,17.100000,0.000000,90,92,93,94,100,170,180,180,300,480,480,7212,0,90,87.72136007144549,10.653531877323985,477.168285055086,991526.0044370494
1791188959,100,,Aggregated,36.000000,0.000000,90,92,93,94,100,170,180,180,300,480,480,7228,0,90,87.56362003145155,10.653531877323985,477.168285055086,991652.2910902047
1791188960,100,,Aggregated,36.000000,0.000000,90,92,93,94,100,170,180,180,300,480,480,7228,0,90,87.56362003145155,10.653531877323985,477.168285055086,991652.2910902047
1791188961,100,,Aggregated,36.000000,0.000000,90,92,93,94,100,170,180,180,300,480,480,7228,0,90,87.56362003145155,10.653531877323985,477.168285055086,991652.2910902047
1791188962,100,,Aggregated,35.200000,0.000000,90,92,93,95,100,170,180,180,300,480,480,7456,0,90,87.50134832408732,10.653531877323985,477.168285055086,993392.9839055794
1791188963,100,,Aggregated,35.200000,0.000000,90,92,93,95,100,170,180,180,300,480,480,7456,0,90,87.50134832408732,10.653531877323985,477.168285055086,993392.9839055794
1791188964,100,,Aggregated,35.200000,0.000000,90,92,93,95,100,170,180,180,300,480,480,7456,0,90,87.50134832408732,10.653531877323985,477.168285055086,993392.9839055794
1791188965,100,,Aggregated,50.000000,0.000000,90,92,93,95,100,170,180,180,300,480,480,7673,0,90,87.32154058019654,10.653531877323985,477.168285055086,994681.1775055389
1791188966,100,,Aggregated,50.000000,0.000000,90,92,93,95,100,170,180,180,300,480,480,7673,0,90,87.32154058019654,10.653531877323985,477.168285055086,994681.1775055389
1791188967,110,,Aggregated,50.000000,0.000000,90,92,93,95,100,170,180,180,300,480,480,7673,0,90,87.32154058019654,10.653531877323985,477.168285055086,994681.1775055389
1791188968,120,,Aggregated,52.500000,0.000000,90,92,94,95,100,170,180,180,300,480,480,7902,0,90,87.42824801105593,10.653531877323985,477.168285055086,986592.3415590989
1791188969,130,,Aggregated,52.500000,0.000000,90,92,94,95,100,170,180,180,300,480,480,7902,0,90,87.42824801105593,10.653531877323985,477.168285055086,986592.3415590989
1791188970,140,,Aggregated,52.500000,0.000000,90,92,94,95,100,170,180,180,300,480,480,7902,0,90,87.42824801105593,10.653531877323985,477.168285055086,986592.3415590989
1791188971,150,,Aggregated,69.200000,0.000000,90,92,94,96,140,180,190,200,290,480,480,8336,0,90,90.28197311775132,10.653531877323985,477.168285055086,976104.5543426104
1791188972,160,,Aggregated,69.200000,0.000000,90,92,94,96,140,180,190,200,290,480,480,8336,0,90,90.28197311775132,10.653531877323985,477.168285055086,976104.5543426104
1791188973,170,,Aggregated,69.200000,0.000000,90,92,94,96,140,180,190,200,290,480,480,8336,0,90,90.28197311775132,10.653531877323985,477.168285055086,976104.5543426104
1791188974,180,,Aggregated,96.300000,0.000000,91,93,95,99,170,200,290,300,450,660,660,8762,0,91,97.07022405389903,10.653531877323985,657.1296111214906,966713.9940652819
1791188975,190,,Aggregated,96.300000,0.000000,91,93,95,99,170,200,290,300,450,660,660,8762,0,91,97.07022405389903,10.653531877323985,657.1296111214906,966713.9940652819
1791188976,200,,Aggregated,96.300000,0.000000,91,93,95,99,170,200,290,300,450,660,660,8762,0,91,97.07022405389903,10.653531877323985,657.1296111214906,966713.9940652819
1791188977,210,,Aggregated,112.100000,0.000000,91,93,97,100,180,290,470,600,980,1300,1300,9178,0,91,111.93880581146394,10.653531877323985,1305.8241058606654,958868.1127696666
1791188978,220,,Aggregated,112.100000,0.000000,91,93,97,100,180,290,470,600,980,1300,1300,9178,0,91,111.93880581146394,10.653531877323985,1305.8241058606654,958868.1127696666
1791188979,230,,Aggregated,112.100000,0.000000,91,93,97,100,180,290,470,600,980,1300,1300,9178,0,91,111.93880581146394,10.653531877323985,1305.8241058606654,958868.1127696666
1791188980,240,,Aggregated,141.400000,0.000000,91,94,100,120,220,540,820,850,1500,1900,1900,9609,0,91,136.65380117354337,10.653531877323985,1850.2850069198757,950707.1768134041
1791188981,250,,Aggregated,141.400000,0.000000,91,94,100,120,220,540,820,850,1500,1900,1900,9609,0,91,136.65380117354337,10.653531877323985,1850.2850069198757,950707.1768134041
1791188982,250,,Aggregated,141.400000,0.000000,91,94,100,120,220,540,820,850,1500,1900,1900,9609,0,91,136.65380117354337,10.653531877323985,1850.2850069198757,950707.1768134041
1791188983,250,,Aggregated,142.100000,0.000000,91,95,100,170,340,830,990,1000,1900,2500,2500,9982,0,91,166.94272116123395,10.653531877323985,2524.261608021334,949278.2204968944
1791188984,250,,Aggregated,142.100000,0.000000,91,95,100,170,340,830,990,1000,1900,2500,2500,9982,0,91,166.94272116123395,10.653531877323985,2524.261608021334,949278.2204968944
1791188985,250,,Aggregated,142.100000,0.000000,91,95,100,170,340,830,990,1000,1900,2500,2500,9982,0,91,166.94272116123395,10.653531877323985,2524.261608021334,949278.2204968944
1791188986,250,,Aggregated,136.600000,0.000000,92,95,120,180,600,990,1200,1200,2200,2600,3000,10289,0,92,198.35661837592085,10.653531877323985,2975.985787110403,952050.0744484401
1791188987,250,,Aggregated,136.600000,0.000000,92,95,120,180,600,990,1200,1200,2200,2600,3000,10289,0,92,198.35661837592085,10.653531877323985,2975.985787110403,952050.0744484401
1791188988,250,,Aggregated,136.600000,0.000000,92,95,120,180,600,990,1200,1200,2200,2600,3000,10289,0,92,198.35661837592085,10.653531877323985,2975.985787110403,952050.0744484401
1791188989,250,,Aggregated,125.500000,0.000000,92,97,160,190,850,1200,1300,1300,2500,3000,3300,10638,0,92,235.78659140534924,10.653531877323985,3289.8548250086606,955106.417747697
1791188990,250,,Aggregated,125.500000,0.000000,92,97,160,190,850,1200,1300,1300,2500,3000,3300,10638,0,92,235.78659140534924,10.653531877323985,3289.8548250086606,955106.417747697
1791188991,250,,Aggregated,125.500000,0.000000,92,97,160,190,850,1200,1300,1300,2500,3000,3300,10638,0,92,235.78659140534924,10.653531877323985,3289.8548250086606,955106.417747697
1791188992,250,,Aggregated,118.300000,0.000000,92,100,180,280,1000,1200,1300,1300,2600,3000,3300,10953,0,92,265.16841676470773,10.653531877323985,3289.8548250086606,957687.9476855656
1791188993,250,,Aggregated,118.300000,0.000000,92,100,180,280,1000,1200,1300,1300,2600,3000,3300,10953,0,92,265.16841676470773,10.653531877323985,3289.8548250086606,957687.9476855656
1791188994,250,,Aggregated,118.300000,0.000000,92,100,180,280,1000,1200,1300,1300,2600,3000,3300,10953,0,92,265.16841676470773,10.653531877323985,3289.8548250086606,957687.9476855656
1791188995,250,,Aggregated,107.700000,0.000000,92,100,190,360,1200,1300,1400,1400,2600,3000,3300,11265,0,92,296.3785138258688,10.653531877323985,3289.8548250086606,959937.7198402131
1791188996,250,,Aggregated,107.700000,0.000000,92,100,190,360,1200,1300,1400,1400,2600,3000,3300,11265,0,92,296.3785138258688,10.653531877323985,3289.8548250086606,959937.7198402131
1791188997,250,,Aggregated,107.700000,0.000000,92,100,190,360,1200,1300,1400,1400,2600,3000,3300,11265,0,92,296.3785138258688,10.653531877323985,3289.8548250086606,959937.7198402131
1791188998,250,,Aggregated,108.700000,0.000000,93,120,230,610,1200,1400,1500,1500,2700,3300,3500,11596,0,93,331.9135346693721,10.653531877323985,3533.141793916002,962457.0091410831
1791188999,250,,Aggregated,108.700000,0.000000,93,120,230,610,1200,1400,1500,1500,2700,3300,3500,11596,0,93,331.9135346693721,10.653531877323985,3533.141793916002,962457.0091410831
1791189000,250,,Aggregated,108.700000,0.000000,93,120,230,610,1200,1400,1500,1500,2700,3300,3500,11596,0,93,331.9135346693721,10.653531877323985,3533.141793916002,962457.0091410831
1791189001,250,,Aggregated,108.300000,0.000000,93,150,330,840,1300,1500,1600,1600,2700,3300,3500,11927,0,93,366.1034468006865,10.653531877323985,3533.141793916002,964836.4670076297
1791189002,250,,Aggregated,108.300000,0.000000,93,150,330,840,1300,1500,1600,1600,2700,3300,3500,11927,0,93,366.1034468006865,10.653531877323985,3533.141793916002,964836.4670076297
1791189003,250,,Aggregated,108.300000,0.000000,93,150,330,840,1300,1500,1600,1600,2700,3300,3500,11927,0,93,366.1034468006865,10.653531877323985,3533.141793916002,964836.4670076297
1791189004,250,,Aggregated,107.600000,0.000000,93,170,590,1000,1400,1500,1600,1700,2900,3500,3900,12267,0,93,397.5808780288675,10.653531877323985,3948.0371091049165,967147.2071411103
1791189005,250,,Aggregated,107.600000,0.000000,93,170,590,1000,1400,1500,1600,1700,2900,3500,3900,12267,0,93,397.5808780288675,10.653531877323985,3948.0371091049165,967147.2071411103
1791189006,250,,Aggregated,107.600000,0.000000,93,170,590,1000,1400,1500,1600,1700,2900,3500,3900,12267,0,93,397.5808780288675,10.653531877323985,3948.0371091049165,967147.2071411103
1791189007,250,,Aggregated,108.900000,0.000000,94,180,830,1100,1400,1500,1600,1700,2900,3500,3900,12627,0,94,421.93071472425055,10.653531877323985,3948.0371091049165,969157.5610992318
1791189008,250,,Aggregated,108.900000,0.000000,94,180,830,1100,1400,1500,1600,1700,2900,3500,3900,12627,0,94,421.93071472425055,10.653531877323985,3948.0371091049165,969157.5610992318
1791189009,250,,Aggregated,108.900000,0.000000,94,180,830,1100,1400,1500,1600,1700,2900,3500,3900,12627,0,94,421.93071472425055,10.653531877323985,3948.0371091049165,969157.5610992318
1791189010,250,,Aggregated,112.800000,0.000000,94,200,890,1100,1400,1500,1600,1700,2900,3500,3900,12956,0,94,436.38677279571505,10.653531877323985,3948.0371091049165,971164.5906143872
1791189011,250,,Aggregated,112.800000,0.000000,94,200,890,1100,1400,1500,1600,1700,2900,3500,3900,12956,0,94,436.38677279571505,10.653531877323985,3948.0371091049165,971164.5906143872
1791189012,250,,Aggregated,112.800000,0.000000,94,200,890,1100,1400,1500,1600,1700,2900,3500,3900,12956,0,94,436.38677279571505,10.653531877323985,3948.0371091049165,971164.5906143872
1791189013,250,,Aggregated,114.400000,0.000000,95,280,870,1100,1400,1500,1600,1700,2800,3500,3900,13310,0,95,443.6917175810097,10.653531877323985,3948.0371091049165,973214.0306536439
1791189014,250,,Aggregated,114.400000,0.000000,95,280,870,1100,1400,1500,1600,1700,2800,3500,3900,13310,0,95,443.6917175810097,10.653531877323985,3948.0371091049165,973214.0306536439
1791189015,250,,Aggregated,114.400000,0.000000,95,280,870,1100,1400,1500,1600,1700,2800,3500,3900,13310,0,95,443.6917175810097,10.653531877323985,3948.0371091049165,973214.0306536439
1791189016,250,,Aggregated,115.100000,0.000000,95,290,850,1100,1400,1500,1600,1700,2800,3500,3900,13584,0,95,440.65360353863605,10.653531877323985,3948.0371091049165,974580.253754417
1791189017,250,,Aggregated,115.100000,0.000000,95,290,850,1100,1400,1500,1600,1700,2800,3500,3900,13584,0,95,440.65360353863605,10.653531877323985,3948.0371091049165,974580.253754417
1791189018,250,,Aggregated,115.100000,0.000000,95,290,850,1100,1400,1500,1600,1700,2800,3500,3900,13584,0,95,440.65360353863605,10.653531877323985,3948.0371091049165,974580.253754417
1791189019,250,,Aggregated,107.400000,0.000000,95,290,850,1100,1400,1500,1600,1700,2800,3500,3900,13677,0,95,437.9372830164071,10.653531877323985,3948.0371091049165,974930.5644512685
1791189020,250,,Aggregated,107.400000,0.000000,95,290,850,1100,1400,1500,1600,1700,2800,3500,3900,13677,0,95,437.9372830164071,10.653531877323985,3948.0371091049165,974930.5644512685
1791189021,250,,Aggregated,107.400000,0.000000,95,290,850,1100,1400,1500,1600,1700,2800,3500,3900,13677,0,95,437.9372830164071,10.653531877323985,3948.0371091049165,974930.5644512685
1791189022,250,,Aggregated,82.400000,0.000000,95,280,850,1100,1400,1500,1600,1700,2800,3500,3900,13796,0,95,434.6674288133625,10.653531877323985,3948.0371091049165,975556.7035372572
1791189023,250,,Aggregated,82.400000,0.000000,95,280,850,1100,1400,1500,1600,1700,2800,3500,3900,13796,0,95,434.6674288133625,10.653531877323985,3948.0371091049165,975556.7035372572
1791189024,250,,Aggregated,82.400000,0.000000,95,280,850,1100,1400,1500,1600,1700,2800,3500,3900,13796,0,95,434.6674288133625,10.653531877323985,3948.0371091049165,975556.7035372572
1791189025,250,,Aggregated,60.200000,0.000000,95,240,840,1000,1300,1500,1600,1700,2800,3500,3900,13993,0,95,429.5165162168041,10.653531877323985,3948.0371091049165,976303.8753662546
1791189026,250,,Aggregated,60.200000,0.000000,95,240,840,1000,1300,1500,1600,1700,2800,3500,3900,13993,0,95,429.5165162168041,10.653531877323985,3948.0371091049165,976303.8753662546
1791189027,250,,Aggregated,60.200000,0.000000,95,240,840,1000,1300,1500,1600,1700,2800,3500,3900,13993,0,95,429.5165162168041,10.653531877323985,3948.0371091049165,976303.8753662546
1791189028,250,,Aggregated,43.600000,0.000000,95,210,830,1000,1300,1500,1600,1600,2800,3500,3900,14274,0,95,423.0841604235155,10.653531877323985,3948.0371091049165,977700.2387557797
1791189029,250,,Aggregated,43.600000,0.000000,95,210,830,1000,1300,1500,1600,1600,2800,3500,3900,14274,0,95,423.0841604235155,10.653531877323985,3948.0371091049165,977700.2387557797
1791189030,250,,Aggregated,43.600000,0.000000,95,210,830,1000,1300,1500,1600,1600,2800,3500,3900,14274,0,95,423.0841604235155,10.653531877323985,3948.0371091049165,977700.2387557797
1791189031,250,,Aggregated,64.800000,0.000000,95,200,800,1000,1300,1500,1600,1600,2800,3500,3900,14606,0,95,417.028982820737,10.653531877323985,3948.0371091049165,979159.5538135013
1791189032,250,,Aggregated,64.800000,0.000000,95,200,800,1000,1300,1500,1600,1600,2800,3500,3900,14606,0,95,417.028982820737,10.653531877323985,3948.0371091049165,979159.5538135013
1791189033,250,,Aggregated,64.800000,0.000000,95,200,800,1000,1300,1500,1600,1600,2800,3500,3900,14606,0,95,417.028982820737,10.653531877323985,3948.0371091049165,979159.5538135013
1791189034,250,,Aggregated,91.300000,0.000000,96,210,730,990,1300,1500,1500,1600,2800,3500,3900,14921,0,96,413.7238103429576,10.653531877323985,3948.0371091049165,980616.6001608472
1791189035,250,,Aggregated,91.300000,0.000000,96,210,730,990,1300,1500,1500,1600,2800,3500,3900,14921,0,96,413.7238103429576,10.653531877323985,3948.0371091049165,980616.6001608472
1791189036,250,,Aggregated,91.300000,0.000000,96,210,730,990,1300,1500,1500,1600,2800,3500,3900,14921,0,96,413.7238103429576,10.653531877323985,3948.0371091049165,980616.6001608472
1791189037,250,,Aggregated,99.400000,0.000000,98,270,680,980,1300,1500,1500,1600,2800,3500,3900,15231,0,98,416.6254397839277,10.653531877323985,3948.0371091049165,981983.3016216926
1791189038,250,,Aggregated,99.400000,0.000000,98,270,680,980,1300,1500,1500,1600,2800,3500,3900,15231,0,98,416.6254397839277,10.653531877323985,3948.0371091049165,981983.3016216926
1791189039,250,,Aggregated,99.400000,0.000000,98,270,680,980,1300,1500,1500,1600,2800,3500,3900,15231,0,98,416.6254397839277,10.653531877323985,3948.0371091049165,981983.3016216926
1791189040,250,,Aggregated,106.900000,0.000000,100,310,670,970,1300,1500,1500,1600,2800,3500,3900,15579,0,100,421.19643774329785,10.653531877323985,3948.0371091049165,983320.5293022658
1791189041,250,,Aggregated,106.900000,0.000000,100,310,670,970,1300,1500,1500,1600,2800,3500,3900,15579,0,100,421.19643774329785,10.653531877323985,3948.0371091049165,983320.5293022658
1791189042,250,,Aggregated,106.900000,0.000000,100,310,670,970,1300,1500,1500,1600,2800,3500,3900,15579,0,100,421.19643774329785,10.653531877323985,3948.0371091049165,983320.5293022658
1791189043,250,,Aggregated,107.400000,0.000000,100,320,660,960,1300,1500,1500,1600,2800,3500,3900,15841,0,100,419.601315677316,10.653531877323985,3948.0371091049165,984275.7796224986
1791189044,250,,Aggregated,107.400000,0.000000,100,320,660,960,1300,1500,1500,1600,2800,3500,3900,15841,0,100,419.601315677316,10.653531877323985,3948.0371091049165,984275.7796224986
1791189045,250,,Aggregated,107.400000,0.000000,100,320,660,960,1300,1500,1500,1600,2800,3500,3900,15841,0,100,419.601315677316,10.653531877323985,3948.0371091049165,984275.7796224986
1791189046,250,,Aggregated,101.700000,0.000000,100,300,650,930,1300,1500,1500,1600,2800,3500,3900,16087,0,100,414.364916286684,10.653531877323985,3948.0371091049165,985129.1052402561
1791189047,250,,Aggregated,101.700000,0.000000,100,300,650,930,1300,1500,1500,1600,2800,3500,3900,16087,0,100,414.364916286684,10.653531877323985,3948.0371091049165,985129.1052402561
1791189048,250,,Aggregated,101.700000,0.000000,100,300,650,930,1300,1500,1500,1600,2800,3500,3900,16087,0,100,414.364916286684,10.653531877323985,3948.0371091049165,985129.1052402561
1791189049,250,,Aggregated,95.200000,0.000000,99,290,640,920,1300,1500,1500,1600,2800,3500,3900,16285,0,99,410.0325842772953,10.653531877323985,3948.0371091049165,985643.7920785999
1791189050,250,,Aggregated,95.200000,0.000000,99,290,640,920,1300,1500,1500,1600,2800,3500,3900,16285,0,99,410.0325842772953,10.653531877323985,3948.0371091049165,985643.7920785999
1791189051,250,,Aggregated,95.200000,0.000000,99,290,640,920,1300,1500,1500,1600,2800,3500,3900,16285,0,99,410.0325842772953,10.653531877323985,3948.0371091049165,985643.7920785999
1791189052,250,,Aggregated,81.800000,0.000000,100,280,630,880,1300,1500,1500,1600,2800,3500,3900,16611,0,100,405.52495513779496,10.653531877323985,3948.0371091049165,986760.5873818554
1791189053,250,,Aggregated,81.800000,0.000000,100,280,630,880,1300,1500,1500,1600,2800,3500,3900,16611,0,100,405.52495513779496,10.653531877323985,3948.0371091049165,986760.5873818554
1791189054,250,,Aggregated,81.800000,0.000000,100,280,630,880,1300,1500,1500,1600,2800,3500,3900,16611,0,100,405.52495513779496,10.653531877323985,3948.0371091049165,986760.5873818554
1791189055,250,,Aggregated,79.300000,0.000000,100,240,610,860,1300,1500,1500,1600,2800,3500,3900,16947,0,100,400.2515976907812,10.653531877323985,3948.0371091049165,987840.5896028796
1791189056,250,,Aggregated,79.300000,0.000000,100,240,610,860,1300,1500,1500,1600,2800,3500,3900,16947,0,100,400.2515976907812,10.653531877323985,3948.0371091049165,987840.5896028796
1791189057,250,,Aggregated,79.300000,0.000000,100,240,610,860,1300,1500,1500,1600,2800,3500,3900,16947,0,100,400.2515976907812,10.653531877323985,3948.0371091049165,987840.5896028796
1791189058,250,,Aggregated,92.800000,0.000000,100,230,600,850,1300,1500,1500,1600,2800,3500,3900,17055,0,100,398.1056004309504,10.653531877323985,3948.0371091049165,988225.1937848139
1791189059,250,,Aggregated,92.800000,0.000000,100,230,600,850,1300,1500,1500,1600,2800,3500,3900,17055,0,100,398.1056004309504,10.653531877323985,3948.0371091049165,988225.1937848139
1791189060,250,,Aggregated,92.800000,0.000000,100,230,600,850,1300,1500,1500,1600,2800,3500,3900,17055,0,100,398.1056004309504,10.653531877323985,3948.0371091049165,988225.1937848139
1791189061,250,,Aggregated,87.800000,0.000000,100,220,590,850,1300,1500,1500,1600,2800,3500,3900,17323,0,100,393.7331359858005,10.653531877323985,3948.0371091049165,989038.1944813255
1791189062,250,,Aggregated,87.800000,0.000000,100,220,590,850,1300,1500,1500,1600,2800,3500,3900,17323,0,100,393.7331359858005,10.653531877323985,3948.0371091049165,989038.1944813255
1791189063,250,,Aggregated,87.800000,0.000000,100,220,590,850,1300,1500,1500,1600,2800,3500,3900,17323,0,100,393.7331359858005,10.653531877323985,3948.0371091049165,989038.1944813255
1791189064,250,,Aggregated,82.000000,0.000000,110,220,580,840,1300,1500,1500,1600,2800,3500,3900,17619,0,110,390.51780807143297,10.653531877323985,3948.0371091049165,989815.3988875645
1791189065,250,,Aggregated,82.000000,0.000000,110,220,580,840,1300,1500,1500,1600,2800,3500,3900,17619,0,110,390.51780807143297,10.653531877323985,3948.0371091049165,989815.3988875645
1791189066,250,,Aggregated,82.000000,0.000000,110,220,580,840,1300,1500,1500,1600,2800,3500,3900,17619,0,110,390.51780807143297,10.653531877323985,3948.0371091049165,989815.3988875645
1791189067,250,,Aggregated,79.300000,0.000000,110,260,570,830,1300,1500,1500,1600,2800,3500,3900,17960,0,110,390.09439598134344,10.653531877323985,3948.0371091049165,990821.665701559
1791189068,250,,Aggregated,79.300000,0.000000,110,260,570,830,1300,1500,1500,1600,2800,3500,3900,17960,0,110,390.09439598134344,10.653531877323985,3948.0371091049165,990821.665701559
1791189069,250,,Aggregated,79.300000,0.000000,110,260,570,830,1300,1500,1500,1600,2800,3500,3900,17960,0,110,390.09439598134344,10.653531877323985,3948.0371091049165,990821.665701559
1791189070,250,,Aggregated,98.500000,0.000000,110,250,530,820,1300,1500,1500,1600,2800,3500,3900,18228,0,110,386.81233979782445,10.653531877323985,3948.0371091049165,991556.1267829712
1791189071,250,,Aggregated,98.500000,0.000000,110,250,530,820,1300,1500,1500,1600,2800,3500,3900,18228,0,110,386.81233979782445,10.653531877323985,3948.0371091049165,991556.1267829712
1791189072,250,,Aggregated,98.500000,0.000000,110,250,530,820,1300,1500,1500,1600,2800,3500,3900,18228,0,110,386.81233979782445,10.653531877323985,3948.0371091049165,991556.1267829712
1791189073,250,,Aggregated,94.100000,0.000000,110,240,500,790,1300,1500,1500,1600,2800,3500,3900,18531,0,110,382.17066289165786,10.653531877323985,3948.0371091049165,992368.8743187092
1791189074,250,,Aggregated,94.100000,0.000000,110,240,500,790,1300,1500,1500,1600,2800,3500,3900,18531,0,110,382.17066289165786,10.653531877323985,3948.0371091049165,992368.8743187092
1791189075,250,,Aggregated,94.100000,0.000000,110,240,500,790,1300,1500,1500,1600,2800,3500,3900,18531,0,110,382.17066289165786,10.653531877323985,3948.0371091049165,992368.8743187092
1791189076,250,,Aggregated,101.200000,0.000000,110,220,490,740,1300,1500,1500,1600,2800,3500,3900,18859,0,110,377.7065039417002,10.653531877323985,3948.0371091049165,993138.0726443608
1791189077,250,,Aggregated,101.200000,0.000000,110,220,490,740,1300,1500,1500,1600,2800,3500,3900,18859,0,110,377.7065039417002,10.653531877323985,3948.0371091049165,993138.0726443608
1791189078,250,,Aggregated,101.200000,0.000000,110,220,490,740,1300,1500,1500,1600,2800,3500,3900,18859,0,110,377.7065039417002,10.653531877323985,3948.0371091049165,993138.0726443608
1791189079,250,,Aggregated,101.300000,0.000000,120,210,480,700,1300,1400,1500,1600,2700,3500,3900,19064,0,120,374.9029278488952,10.653531877323985,3948.0371091049165,993514.9067352078
1791189080,250,,Aggregated,101.300000,0.000000,120,210,480,700,1300,1400,1500,1600,2700,3500,3900,19064,0,120,374.9029278488952,10.653531877323985,3948.0371091049165,993514.9067352078
1791189081,250,,Aggregated,101.300000,0.000000,120,210,480,700,1300,1400,1500,1600,2700,3500,3900,19064,0,120,374.9029278488952,10.653531877323985,3948.0371091049165,993514.9067352078
1791189082,250,,Aggregated,86.800000,0.000000,120,210,470,680,1300,1400,1500,1600,2700,3500,3900,19323,0,120,371.46116775667986,10.653531877323985,3948.0371091049165,994049.5647673757
1791189083,250,,Aggregated,86.800000,0.000000,120,210,470,680,1300,1400,1500,1600,2700,3500,3900,19323,0,120,371.46116775667986,10.653531877323985,3948.0371091049165,994049.5647673757
1791189084,250,,Aggregated,86.800000,0.000000,120,210,470,680,1300,1400,1500,1600,2700,3500,3900,19323,0,120,371.46116775667986,10.653531877323985,3948.0371091049165,994049.5647673757
1791189085,250,,Aggregated,90.700000,0.000000,120,200,460,670,1200,1400,1500,1600,2700,3500,3900,19591,0,120,367.80870754128415,10.653531877323985,3948.0371091049165,994695.1812056557
1791189086,250,,Aggregated,90.700000,0.000000,120,200,460,670,1200,1400,1500,1600,2700,3500,3900,19591,0,120,367.80870754128415,10.653531877323985,3948.0371091049165,994695.1812056557
1791189087,260,,Aggregated,90.700000,0.000000,120,200,460,670,1200,1400,1500,1600,2700,3500,3900,19591,0,120,367.80870754128415,10.653531877323985,3948.0371091049165,994695.1812056557
1791189088,270,,Aggregated,83.200000,0.000000,110,200,450,660,1200,1400,1500,1600,2700,3500,3900,19829,0,110,364.39118253003727,10.653531877323985,3948.0371091049165,992031.1582026326
1791189089,280,,Aggregated,83.200000,0.000000,110,200,450,660,1200,1400,1500,1600,2700,3500,3900,19829,0,110,364.39118253003727,10.653531877323985,3948.0371091049165,992031.1582026326
1791189090,290,,Aggregated,83.200000,0.000000,110,200,450,660,1200,1400,1500,1600,2700,3500,3900,19829,0,110,364.39118253003727,10.653531877323985,3948.0371091049165,992031.1582026326
1791189091,300,,Aggregated,78.200000,0.000000,120,210,470,680,1200,1400,1500,1600,2700,3300,3900,20238,0,120,367.43868050434867,10.653531877323985,3948.0371091049165,987713.4869552327
1791189092,310,,Aggregated,78.200000,0.000000,120,210,470,680,1200,1400,1500,1600,2700,3300,3900,20238,0,120,367.43868050434867,10.653531877323985,3948.0371091049165,987713.4869552327
1791189093,320,,Aggregated,78.200000,0.000000,120,210,470,680,1200,1400,1500,1600,2700,3300,3900,20238,0,120,367.43868050434867,10.653531877323985,3948.0371091049165,987713.4869552327
1791189094,330,,Aggregated,101.700000,0.000000,120,230,510,780,1200,1400,1500,1600,2700,3300,3900,20635,0,120,376.90143682096567,10.653531877323985,3948.0371091049165,983796.3000242307
1791189095,340,,Aggregated,101.700000,0.000000,120,230,510,780,1200,1400,1500,1600,2700,3300,3900,20635,0,120,376.90143682096567,10.653531877323985,3948.0371091049165,983796.3000242307
1791189096,350,,Aggregated,101.700000,0.000000,120,230,510,780,1200,1400,1500,1600,2700,3300,3900,20635,0,120,376.90143682096567,10.653531877323985,3948.0371091049165,983796.3000242307
1791189097,360,,Aggregated,116.000000,0.000000,120,250,580,840,1300,1500,1600,1800,2800,3500,3900,21060,0,120,395.97383589641095,10.653531877323985,3948.0371091049165,979624.1180436847
1791189098,370,,Aggregated,116.000000,0.000000,120,250,580,840,1300,1500,1600,1800,2800,3500,3900,21060,0,120,395.97383589641095,10.653531877323985,3948.0371091049165,979624.1180436847
1791189099,380,,Aggregated,116.000000,0.000000,120,250,580,840,1300,1500,1600,1800,2800,3500,3900,21060,0,120,395.97383589641095,10.653531877323985,3948.0371091049165,979624.1180436847
1791189100,390,,Aggregated,136.200000,0.000000,130,280,620,880,1300,1500,1900,2200,3000,3900,4100,21459,0,130,420.9901887585301,10.653531877323985,4058.484354056418,976103.6552029451
1791189101,400,,Aggregated,136.200000,0.000000,130,280,620,880,1300,1500,1900,2200,3000,3900,4100,21459,0,130,420.9901887585301,10.653531877323985,4058.484354056418,976103.6552029451
1791189102,400,,Aggregated,136.200000,0.000000,130,280,620,880,1300,1500,1900,2200,3000,3900,4100,21459,0,130,420.9901887585301,10.653531877323985,4058.484354056418,976103.6552029451
1791189103,400,,Aggregated,136.900000,0.000000,130,310,660,970,1400,1600,2400,2600,3500,4100,4300,21844,0,130,455.5047189253827,10.653531877323985,4294.114829972386,974288.235213331
1791189104,400,,Aggregated,136.900000,0.000000,130,310,660,970,1400,1600,2400,2600,3500,4100,4300,21844,0,130,455.5047189253827,10.653531877323985,4294.114829972386,974288.235213331
1791189105,400,,Aggregated,136.900000,0.000000,130,310,660,970,1400,1600,2400,2600,3500,4100,4300,21844,0,130,455.5047189253827,10.653531877323985,4294.114829972386,974288.235213331
1791189106,400,,Aggregated,133.800000,0.000000,140,340,720,1000,1400,1800,2700,2900,3900,5100,5100,22199,0,140,491.7977482963962,10.607950780232578,5110.279019922018,973268.6963376729
1791189107,400,,Aggregated,133.800000,0.000000,140,340,720,1000,1400,1800,2700,2900,3900,5100,5100,22199,0,140,491.7977482963962,10.607950780232578,5110.279019922018,973268.6963376729
1791189108,400,,Aggregated,133.800000,0.000000,140,340,720,1000,1400,1800,2700,2900,3900,5100,5100,22199,0,140,491.7977482963962,10.607950780232578,5110.279019922018,973268.6963376729
1791189109,400,,Aggregated,130.400000,0.000000,140,370,820,1100,1500,2300,3000,3000,4100,5100,5300,22578,0,140,529.8009999837792,7.704229726154921,5305.618754122406,971747.1775622288
1791189110,400,,Aggregated,130.400000,0.000000,140,370,820,1100,1500,2300,3000,3000,4100,5100,5300,22578,0,140,529.8009999837792,7.704229726154921,5305.618754122406,971747.1775622288
1791189111,400,,Aggregated,130.400000,0.000000,140,370,820,1100,1500,2300,3000,3000,4100,5100,5300,22578,0,140,529.8009999837792,7.704229726154921,5305.618754122406,971747.1775622288
1791189112,400,,Aggregated,126.100000,0.000000,140,400,850,1200,1500,2600,3000,3300,4300,5100,5300,22993,0,140,569.2496445240381,7.704229726154921,5305.618754122406,969794.7124777106
1791189113,400,,Aggregated,126.100000,0.000000,140,400,850,1200,1500,2600,3000,3300,4300,5100,5300,22993,0,140,569.2496445240381,7.704229726154921,5305.618754122406,969794.7124777106
1791189114,400,,Aggregated,126.100000,0.000000,140,400,850,1200,1500,2600,3000,3300,4300,5100,5300,22993,0,140,569.2496445240381,7.704229726154921,5305.618754122406,969794.7124777106
1791189115,400,,Aggregated,126.400000,0.000000,150,430,920,1200,1600,2900,3000,3400,4400,5200,5600,23407,0,150,604.6654098056435,7.704229726154921,5557.60217201896,967492.8262058359
1791189116,400,,Aggregated,126.400000,0.000000,150,430,920,1200,1600,2900,3000,3400,4400,5200,5600,23407,0,150,604.6654098056435,7.704229726154921,5557.60217201896,967492.8262058359
1791189117,400,,Aggregated,126.400000,0.000000,150,430,920,1200,1600,2900,3000,3400,4400,5200,5600,23407,0,150,604.6654098056435,7.704229726154921,5557.60217201896,967492.8262058359
1791189118,400,,Aggregated,133.100000,0.000000,150,470,980,1200,1900,3000,3000,3500,4500,5600,6700,23828,0,150,638.8725017273981,7.704229726154921,6736.577544827014,964844.6815511163
1791189119,400,,Aggregated,133.100000,0.000000,150,470,980,1200,1900,3000,3000,3500,4500,5600,6700,23828,0,150,638.8725017273981,7.704229726154921,6736.577544827014,964844.6815511163
1791189120,400,,Aggregated,133.100000,0.000000,150,470,980,1200,1900,3000,3000,3500,4500,5600,6700,23828,0,150,638.8725017273981,7.704229726154921,6736.577544827014,964844.6815511163
1791189121,400,,Aggregated,136.000000,0.000000,160,500,1000,1300,2400,3000,3100,3500,4700,5600,6700,24266,0,160,672.0037447122971,7.704229726154921,6736.577544827014,961668.7365861699
1791189122,400,,Aggregated,136.000000,0.000000,160,500,1000,1300,2400,3000,3100,3500,4700,5600,6700,24266,0,160,672.0037447122971,7.704229726154921,6736.577544827014,961668.7365861699
1791189123,400,,Aggregated,136.000000,0.000000,160,500,1000,1300,2400,3000,3100,3500,4700,5600,6700,24266,0,160,672.0037447122971,7.704229726154921,6736.577544827014,961668.7365861699
1791189124,400,,Aggregated,139.100000,0.000000,160,570,1100,1300,2700,3000,3100,3600,4700,5600,6700,24710,0,160,703.6845196498487,7.704229726154921,6736.577544827014,958175.9892755969
1791189125,400,,Aggregated,139.100000,0.000000,160,570,1100,1300,2700,3000,3100,3600,4700,5600,6700,24710,0,160,703.6845196498487,7.704229726154921,6736.577544827014,958175.9892755969
1791189126,400,,Aggregated,139.100000,0.000000,160,570,1100,1300,2700,3000,3100,3600,4700,5600,6700,24710,0,160,703.6845196498487,7.704229726154921,6736.577544827014,958175.9892755969
1791189127,400,,Aggregated,142.200000,0.000000,170,600,1200,1300,2900,3000,3200,3600,4800,5800,6700,25161,0,170,733.7608915360626,7.704229726154921,6736.577544827014,954332.5363856762
1791189128,400,,Aggregated,142.200000,0.000000,170,600,1200,1300,2900,3000,3200,3600,4800,5800,6700,25161,0,170,733.7608915360626,7.704229726154921,6736.577544827014,954332.5363856762
1791189129,400,,Aggregated,142.200000,0.000000,170,600,1200,1300,2900,3000,3200,3600,4800,5800,6700,25161,0,170,733.7608915360626,7.704229726154921,6736.577544827014,954332.5363856762
1791189130,400,,Aggregated,147.100000,0.000000,170,630,1200,1400,3000,3000,3300,3700,4800,5800,6700,25632,0,170,763.6223622782327,7.704229726154921,6736.577544827014,950220.6847690387
1791189131,400,,Aggregated,147.100000,0.000000,170,630,1200,1400,3000,3000,3300,3700,4800,5800,6700,25632,0,170,763.6223622782327,7.704229726154921,6736.577544827014,950220.6847690387
1791189132,400,,Aggregated,147.100000,0.000000,170,630,1200,1400,3000,3000,3300,3700,4800,5800,6700,25632,0,170,763.6223622782327,7.704229726154921,6736.577544827014,950220.6847690387
1791189133,400,,Aggregated,151.100000,0.000000,180,660,1200,1400,3000,3000,3300,3700,4800,5800,6700,26104,0,180,791.2229667429004,7.704229726154921,6736.577544827014,946044.9569797732
1791189134,400,,Aggregated,151.100000,0.000000,180,660,1200,1400,3000,3000,3300,3700,4800,5800,6700,26104,0,180,791.2229667429004,7.704229726154921,6736.577544827014,946044.9569797732
1791189135,400,,Aggregated,151.100000,0.000000,180,660,1200,1400,3000,3000,3300,3700,4800,5800,6700,26104,0,180,791.2229667429004,7.704229726154921,6736.577544827014,946044.9569797732
1791189136,400,,Aggregated,155.000000,0.000000,180,690,1300,1500,3000,3000,3400,3700,4800,5800,6700,26593,0,180,818.4333203668691,7.704229726154921,6736.577544827014,941558.4009325763
1791189137,400,,Aggregated,155.000000,0.000000,180,690,1300,1500,3000,3000,3400,3700,4800,5800,6700,26593,0,180,818.4333203668691,7.704229726154921,6736.577544827014,941558.4009325763
1791189138,400,,Aggregated,155.000000,0.000000,180,690,1300,1500,3000,3000,3400,3700,4800,5800,6700,26593,0,180,818.4333203668691,7.704229726154921,6736.577544827014,941558.4009325763
1791189139,400,,Aggregated,158.800000,0.000000,190,800,1300,1500,3000,3000,3400,3800,4900,5800,6700,27102,0,190,845.1375782282163,7.704229726154921,6736.577544827014,936648.4114456498
1791189140,400,,Aggregated,158.800000,0.000000,190,800,1300,1500,3000,3000,3400,3800,4900,5800,6700,27102,0,190,845.1375782282163,7.704229726154921,6736.577544827014,936648.4114456498
1791189141,400,,Aggregated,158.800000,0.000000,190,800,1300,1500,3000,3000,3400,3800,4900,5800,6700,27102,0,190,845.1375782282163,7.704229726154921,6736.577544827014,936648.4114456498
1791189142,400,,Aggregated,162.700000,0.000000,190,840,1300,1600,3000,3000,3500,3800,4900,5800,6700,27618,0,190,871.810426449341,7.704229726154921,6736.577544827014,931849.124592657
1791189143,400,,Aggregated,162.700000,0.000000,190,840,1300,1600,3000,3000,3500,3800,4900,5800,6700,27618,0,190,871.810426449341,7.704229726154921,6736.577544827014,931849.124592657
1791189144,400,,Aggregated,162.700000,0.000000,190,840,1300,1600,3000,3000,3500,3800,4900,5800,6700,27618,0,190,871.810426449341,7.704229726154921,6736.577544827014,931849.124592657
1791189145,400,,Aggregated,166.000000,0.000000,200,860,1400,1700,3000,3000,3500,3900,4900,5800,6700,28134,0,200,896.9958508706893,7.704229726154921,6736.577544827014,927077.2797682519
1791189146,400,,Aggregated,166.000000,0.000000,200,860,1400,1700,3000,3000,3500,3900,4900,5800,6700,28134,0,200,896.9958508706893,7.704229726154921,6736.577544827014,927077.2797682519
1791189147,400,,Aggregated,166.000000,0.000000,200,860,1400,1700,3000,3000,3500,3900,4900,5800,6700,28134,0,200,896.9958508706893,7.704229726154921,6736.577544827014,927077.2797682519
1791189148,400,,Aggregated,169.100000,0.000000,200,900,1400,2000,3000,3000,3600,3900,4900,5800,6700,28657,0,200,920.8088699217847,7.704229726154921,6736.577544827014,922215.1632061974
1791189149,400,,Aggregated,169.100000,0.000000,200,900,1400,2000,3000,3000,3600,3900,4900,5800,6700,28657,0,200,920.8088699217847,7.704229726154921,6736.577544827014,922215.1632061974
1791189150,400,,Aggregated,169.100000,0.000000,200,900,1400,2000,3000,3000,3600,3900,4900,5800,6700,28657,0,200,920.8088699217847,7.704229726154921,6736.577544827014,922215.1632061974
1791189151,400,,Aggregated,174.100000,0.000000,210,960,1400,2400,3000,3000,3600,3900,4900,5900,6700,29179,0,210,942.6491932835676,7.704229726154921,6736.577544827014,917266.7578738134
1791189152,400,,Aggregated,174.100000,0.000000,210,960,1400,2400,3000,3000,3600,3900,4900,5900,6700,29179,0,210,942.6491932835676,7.704229726154921,6736.577544827014,917266.7578738134
1791189153,400,,Aggregated,174.100000,0.000000,210,960,1400,2400,3000,3000,3600,3900,4900,5900,6700,29179,0,210,942.6491932835676,7.704229726154921,6736.577544827014,917266.7578738134
1791189154,400,,Aggregated,173.900000,0.000000,210,990,1500,2600,3000,3000,3600,4000,5000,5900,6700,29711,0,210,964.3606428115527,7.704229726154921,6736.577544827014,912220.9146107503
1791189155,400,,Aggregated,173.900000,0.000000,210,990,1500,2600,3000,3000,3600,4000,5000,5900,6700,29711,0,210,964.3606428115527,7.704229726154921,6736.577544827014,912220.9146107503
1791189156,400,,Aggregated,173.900000,0.000000,210,990,1500,2600,3000,3000,3600,4000,5000,5900,6700,29711,0,210,964.3606428115527,7.704229726154921,6736.577544827014,912220.9146107503
1791189157,400,,Aggregated,176.700000,0.000000,220,1000,1500,2800,3000,3100,3600,4000,5000,5800,6700,30266,0,220,985.0120096810062,7.704229726154921,6736.577544827014,907005.1503667482
1791189158,400,,Aggregated,176.700000,0.000000,220,1000,1500,2800,3000,3100,3600,4000,5000,5800,6700,30266,0,220,985.0120096810062,7.704229726154921,6736.577544827014,907005.1503667482
1791189159,400,,Aggregated,176.700000,0.000000,220,1000,1500,2800,3000,3100,3600,4000,5000,5800,6700,30266,0,220,985.0120096810062,7.704229726154921,6736.577544827014,907005.1503667482
1791189160,400,,Aggregated,180.600000,0.000000,220,1100,1500,2900,3000,3100,3700,4000,5000,5800,6700,30841,0,220,1004.6936431952983,7.704229726154921,6736.577544827014,901672.4477157032
1791189161,400,,Aggregated,180.600000,0.000000,220,1100,1500,2900,3000,3100,3700,4000,5000,5800,6700,30841,0,220,1004.6936431952983,7.704229726154921,6736.577544827014,901672.4477157032
1791189162,400,,Aggregated,180.600000,0.000000,220,1100,1500,2900,3000,3100,3700,4000,5000,5800,6700,30841,0,220,1004.6936431952983,7.704229726154921,6736.577544827014,901672.4477157032
1791189163,400,,Aggregated,187.100000,0.000000,230,1100,1600,3000,3000,3100,3700,4000,5000,5800,6700,31396,0,230,1022.1754132043,7.704229726154921,6736.577544827014,896642.4884380175
1791189164,400,,Aggregated,187.100000,0.000000,230,1100,1600,3000,3000,3100,3700,4000,5000,5800,6700,31396,0,230,1022.1754132043,7.704229726154921,6736.577544827014,896642.4884380175
1791189165,400,,Aggregated,187.100000,0.000000,230,1100,1600,3000,3000,3100,3700,4000,5000,5800,6700,31396,0,230,1022.1754132043,7.704229726154921,6736.577544827014,896642.4884380175
1791189166,400,,Aggregated,187.000000,0.000000,230,1100,1800,3000,3000,3100,3700,4000,5000,5800,6700,31954,0,230,1039.4048807523352,7.704229726154921,6736.577544827014,891539.6833260312
1791189167,400,,Aggregated,187.000000,0.000000,230,1100,1800,3000,3000,3100,3700,4000,5000,5800,6700,31954,0,230,1039.4048807523352,7.704229726154921,6736.577544827014,891539.6833260312
1791189168,400,,Aggregated,187.000000,0.000000,230,1100,1800,3000,3000,3100,3700,4000,5000,5800,6700,31954,0,230,1039.4048807523352,7.704229726154921,6736.577544827014,891539.6833260312
1791189169,400,,Aggregated,185.500000,0.000000,240,1200,2000,3000,3000,3100,3700,4000,5000,5800,6700,32536,0,240,1055.8861401371194,7.704229726154921,6736.577544827014,886047.1000737644
1791189170,400,,Aggregated,185.500000,0.000000,240,1200,2000,3000,3000,3100,3700,4000,5000,5800,6700,32536,0,240,1055.8861401371194,7.704229726154921,6736.577544827014,886047.1000737644
1791189171,400,,Aggregated,185.500000,0.000000,240,1200,2000,3000,3000,3100,3700,4000,5000,5800,6700,32536,0,240,1055.8861401371194,7.704229726154921,6736.577544827014,886047.1000737644
1791189172,400,,Aggregated,187.300000,0.000000,240,1200,2300,3000,3000,3100,3700,4100,5100,5900,7300,33132,0,240,1073.124049244476,6.722483942672497,7328.768569976091,880541.1242907159
1791189173,400,,Aggregated,187.300000,0.000000,240,1200,2300,3000,3000,3100,3700,4100,5100,5900,7300,33132,0,240,1073.124049244476,6.722483942672497,7328.768569976091,880541.1242907159
1791189174,400,,Aggregated,187.300000,0.000000,240,1200,2300,3000,3000,3100,3700,4100,5100,5900,7300,33132,0,240,1073.124049244476,6.722483942672497,7328.768569976091,880541.1242907159
1791189175,400,,Aggregated,193.900000,0.000000,240,1200,2500,3000,3000,3100,3700,4100,5100,5900,7300,33718,0,240,1087.9876535039914,3.035151616412435,7328.768569976091,875302.6207663562
1791189176,400,,Aggregated,193.900000,0.000000,240,1200,2500,3000,3000,3100,3700,4100,5100,5900,7300,33718,0,240,1087.9876535039914,3.035151616412435,7328.768569976091,875302.6207663562
1791189177,400,,Aggregated,193.900000,0.000000,240,1200,2500,3000,3000,3100,3700,4100,5100,5900,7300,33718,0,240,1087.9876535039914,3.035151616412435,7328.768569976091,875302.6207663562
1791189178,400,,Aggregated,196.900000,0.000000,250,1200,2700,3000,3000,3100,3700,4100,5100,5900,7300,34310,0,250,1100.1132054649613,3.035151616412435,7328.768569976091,869869.8503643252
1791189179,400,,Aggregated,196.900000,0.000000,250,1200,2700,3000,3000,3100,3700,4100,5100,5900,7300,34310,0,250,1100.1132054649613,3.035151616412435,7328.768569976091,869869.8503643252
1791189180,400,,Aggregated,196.900000,0.000000,250,1200,2700,3000,3000,3100,3700,4100,5100,5900,7300,34310,0,250,1100.1132054649613,3.035151616412435,7328.768569976091,869869.8503643252
1791189181,400,,Aggregated,199.100000,0.000000,260,1300,2800,3000,3000,3100,3700,4100,5100,5900,7300,34956,0,260,1114.6422034892803,3.035151616412435,7328.768569976091,864144.5576438952
1791189182,400,,Aggregated,199.100000,0.000000,260,1300,2800,3000,3000,3100,3700,4100,5100,5900,7300,34956,0,260,1114.6422034892803,3.035151616412435,7328.768569976091,864144.5576438952
1791189183,400,,Aggregated,199.100000,0.000000,260,1300,2800,3000,3000,3100,3700,4100,5100,5900,7300,34956,0,260,1114.6422034892803,3.035151616412435,7328.768569976091,864144.5576438952
1791189184,400,,Aggregated,203.200000,0.000000,260,1300,2900,3000,3000,3200,3700,4100,5100,5900,7300,35578,0,260,1126.389542833826,3.035151616412435,7328.768569976091,858781.8052729215
1791189185,400,,Aggregated,203.200000,0.000000,260,1300,2900,3000,3000,3200,3700,4100,5100,5900,7300,35578,0,260,1126.389542833826,3.035151616412435,7328.768569976091,858781.8052729215
1791189186,400,,Aggregated,203.200000,0.000000,260,1300,2900,3000,3000,3200,3700,4100,5100,5900,7300,35578,0,260,1126.389542833826,3.035151616412435,7328.768569976091,858781.8052729215
1791189187,400,,Aggregated,204.900000,0.000000,270,1300,2900,3000,3000,3200,3700,4100,5100,5900,7300,36195,0,270,1138.0488964594895,3.035151616412435,7328.768569976091,853424.5248514988
1791189188,400,,Aggregated,204.900000,0.000000,270,1300,2900,3000,3000,3200,3700,4100,5100,5900,7300,36195,0,270,1138.0488964594895,3.035151616412435,7328.768569976091,853424.5248514988
1791189189,400,,Aggregated,204.900000,0.000000,270,1300,2900,3000,3000,3200,3700,4100,5100,5900,7300,36195,0,270,1138.0488964594895,3.035151616412435,7328.768569976091,853424.5248514988
1791189190,400,,Aggregated,206.400000,0.000000,280,1300,2900,3000,3000,3200,3700,4100,5100,5900,7300,36830,0,280,1150.6494924504977,3.035151616412435,7328.768569976091,848088.5915829487
1791189191,400,,Aggregated,206.400000,0.000000,280,1300,2900,3000,3000,3200,3700,4100,5100,5900,7300,36830,0,280,1150.6494924504977,3.035151616412435,7328.768569976091,848088.5915829487
1791189192,400,,Aggregated,206.400000,0.000000,280,1300,2900,3000,3000,3200,3700,4100,5100,5900,7300,36830,0,280,1150.6494924504977,3.035151616412435,7328.768569976091,848088.5915829487
1791189193,400,,Aggregated,208.600000,0.000000,290,1300,3000,3000,3000,3200,3800,4100,5100,5900,7300,37461,0,290,1161.922498293962,3.035151616412435,7328.768569976091,842897.3588799018
1791189194,400,,Aggregated,208.600000,0.000000,290,1300,3000,3000,3000,3200,3800,4100,5100,5900,7300,37461,0,290,1161.922498293962,3.035151616412435,7328.768569976091,842897.3588799018
1791189195,400,,Aggregated,208.600000,0.000000,290,1300,3000,3000,3000,3200,3800,4100,5100,5900,7300,37461,0,290,1161.922498293962,3.035151616412435,7328.768569976091,842897.3588799018
1791189196,400,,Aggregated,210.500000,0.000000,300,1400,3000,3000,3000,3200,3800,4100,5100,5900,7300,38103,0,300,1174.4630900842983,3.035151616412435,7328.768569976091,837766.8765189092
1791189197,400,,Aggregated,210.500000,0.000000,300,1400,3000,3000,3000,3200,3800,4100,5100,5900,7300,38103,0,300,1174.4630900842983,3.035151616412435,7328.768569976091,837766.8765189092
1791189198,400,,Aggregated,210.500000,0.000000,300,1400,3000,3000,3000,3200,3800,4100,5100,5900,7300,38103,0,300,1174.4630900842983,3.035151616412435,7328.768569976091,837766.8765189092
1791189199,400,,Aggregated,211.900000,0.000000,310,1400,3000,3000,3000,3200,3800,4100,5100,5900,7300,38749,0,310,1185.5326599740745,3.035151616412435,7328.768569976091,832720.62189992
1791189200,400,,Aggregated,211.900000,0.000000,310,1400,3000,3000,3000,3200,3800,4100,5100,5900,7300,38749,0,310,1185.5326599740745,3.035151616412435,7328.768569976091,832720.62189992
1791189201,400,,Aggregated,211.900000,0.000000,310,1400,3000,3000,3000,3200,3800,4100,5100,5900,7300,38749,0,310,1185.5326599740745,3.035151616412435,7328.768569976091,832720.62189992
1791189202,400,,Aggregated,213.600000,0.000000,320,1400,3000,3000,3000,3200,3800,4100,5100,5900,7300,39409,0,320,1196.7196934928904,3.035151616412435,7328.768569976091,827788.1727524169
1791189203,400,,Aggregated,213.600000,0.000000,320,1400,3000,3000,3000,3200,3800,4100,5100,5900,7300,39409,0,320,1196.7196934928904,3.035151616412435,7328.768569976091,827788.1727524169
1791189204,400,,Aggregated,213.600000,0.000000,320,1400,3000,3000,3000,3200,3800,4100,5100,5900,7300,39409,0,320,1196.7196934928904,3.035151616412435,7328.768569976091,827788.1727524169
1791189205,400,,Aggregated,215.600000,0.000000,330,1400,3000,3000,3000,3300,3800,4100,5100,5900,7300,40076,0,330,1206.5080538466575,3.035151616412435,7328.768569976091,822855.1517117476
1791189206,0,,Aggregated,214.900000,0.000000,330,1400,3000,3000,3000,3300,3800,4100,5100,5900,7300,40248,0,330,1208.7729574180617,3.035151616412435,7328.768569976091,821579.4755515802
1791189207,0,,Aggregated,214.900000,0.000000,330,1400,3000,3000,3000,3300,3800,4100,5100,5900,7300,40248,0,330,1208.7729574180617,3.035151616412435,7328.768569976091,821579.4755515802
