ts,host_cpu_pct,mem_avail_gb,swap_used_gb,swap_in_pps,swap_out_pps,load1,apache_busy,apache_idle,fpm_procs,db_conn,db_running,jupyter_servers,locust_cpu,moodle_app_cpu,moodle_app_mib,moodle_db_cpu,moodle_db_mib,moodle_jobe_cpu,moodle_jobe_mib,moodle_jupyterhub_cpu,moodle_jupyterhub_mib
1790776687,27.0,32.37,1.63,0.0,0.0,33.2978515625,1,511,64,4,1,0,0.0,730.64,902.7,116.19,1430.528,0.0,22.07,0.31,116.8
1790776694,37.2,32.32,1.63,0.0,0.0,28.33203125,45,467,64,6,1,0,69.7,821.04,980.6,135.56,1431.552,0.0,22.07,0.17,116.9
1790776702,37.3,32.22,1.63,0.0,0.0,26.14306640625,7,505,64,7,1,0,69.0,237.25,1047.552,45.04,1433.6,0.0,22.07,0.22,116.8
1790776709,13.8,32.18,1.63,0.0,0.0,22.9111328125,6,506,64,6,1,0,19.3,372.5,1086.464,54.73,1434.624,0.0,22.07,0.19,116.9
1790776716,15.3,32.18,1.63,0.0,0.0,21.716796875,6,506,64,4,1,0,21.1,317.5,1073.152,58.91,1434.624,0.0,22.07,0.24,116.8
1790776723,16.0,32.12,1.63,0.0,0.0,19.15283203125,4,508,64,10,3,0,22.0,283.13,1097.728,52.56,1435.648,0.0,22.07,0.22,116.9
1790776731,15.7,32.14,1.63,0.0,0.0,17.85888671875,2,510,64,11,3,0,21.2,334.84,1082.368,63.13,1435.648,0.0,22.07,0.22,116.9
1790776738,14.7,32.07,1.63,0.0,0.0,15.8017578125,5,507,64,8,2,0,21.0,319.04,1102.848,58.74,1436.672,0.0,22.07,0.2,116.9
1790776745,15.1,32.11,1.63,0.0,0.0,14.8564453125,3,509,64,7,1,0,21.0,330.78,1091.584,57.71,1436.672,0.0,22.07,0.17,116.9
1790776753,14.6,32.11,1.63,0.0,0.0,13.74658203125,4,508,64,7,1,0,21.0,359.14,1089.536,68.4,1437.696,0.0,22.07,0.21,116.9
1790776760,13.9,32.11,1.63,0.0,0.0,12.4814453125,5,507,64,10,1,0,19.6,316.33,1099.776,36.48,1438.72,0.0,22.07,0.22,116.8
1790776767,15.6,32.19,1.63,0.0,0.0,11.88232421875,11,501,64,8,1,0,22.5,259.66,1106.944,46.52,1439.744,0.0,22.07,0.21,116.8
1790776774,13.9,32.2,1.63,0.0,0.0,10.44921875,7,505,64,4,1,0,19.8,327.12,1099.776,59.66,1440.768,0.0,22.07,0.16,116.8
1790776782,15.1,32.2,1.63,0.0,0.0,10.0927734375,4,508,64,9,2,0,21.0,321.28,1099.776,59.04,1440.768,0.0,22.07,0.23,116.8
1790776789,15.3,32.17,1.63,0.0,0.0,9.08154296875,2,510,64,9,1,0,21.7,272.49,1114.112,62.55,1441.792,0.0,22.07,0.22,116.9
1790776796,15.2,32.16,1.63,0.0,0.0,8.59423828125,4,508,64,9,1,0,21.3,344.78,1102.848,64.51,1442.816,0.0,22.07,0.16,116.8
1790776803,16.5,32.18,1.63,0.0,0.0,8.41650390625,2,510,64,6,1,0,22.7,436.86,1084.416,69.95,1443.84,0.0,22.07,0.22,116.8
1790776811,16.3,32.18,1.63,0.0,0.0,7.90234375,6,506,64,9,1,0,22.1,372.24,1087.488,71.27,1443.84,0.0,22.07,0.17,116.9
1790776818,15.9,32.18,1.63,0.0,0.0,7.23486328125,3,509,64,8,1,0,22.5,376.92,1097.728,70.81,1444.864,0.0,22.07,0.21,116.8
1790776825,15.8,32.19,1.63,0.0,0.0,6.8955078125,5,507,64,9,1,0,22.0,374.63,1091.584,69.16,1445.888,0.0,22.07,0.22,116.8
1790776832,16.4,32.15,1.63,0.0,0.0,6.74365234375,3,509,64,7,3,0,22.4,295.43,1092.608,81.24,1445.888,0.0,22.07,0.2,116.9
1790776840,16.7,32.15,1.63,0.0,0.0,6.62890625,5,507,64,6,2,0,23.1,340.61,1093.632,66.29,1446.912,11.93,22.31,0.17,116.9
1790776847,16.1,32.12,1.63,0.0,0.0,6.89892578125,5,507,64,7,1,0,21.8,290.49,1090.56,53.44,1447.936,0.01,22.07,0.23,116.9
1790776854,16.9,32.1,1.63,0.0,0.0,6.5390625,3,509,64,8,1,0,23.2,453.62,1085.44,57.79,1448.96,0.0,22.07,0.17,116.9
1790776862,16.1,32.12,1.63,0.0,0.0,6.25537109375,6,506,64,7,1,0,21.9,261.88,1079.296,50.71,1448.96,0.0,22.07,0.22,116.9
1790776869,15.7,32.12,1.63,0.0,0.0,5.9951171875,2,510,64,9,3,0,22.1,309.98,1075.2,60.74,1449.984,0.0,22.07,0.22,116.9
1790776876,15.4,32.16,1.63,0.0,0.0,5.9150390625,1,511,64,9,1,0,21.8,300.61,1091.584,71.87,1451.008,0.0,22.07,0.23,116.9
1790776883,17.3,32.12,1.63,0.0,0.0,5.47900390625,1,511,64,8,2,0,23.3,406.46,1082.368,85.6,1451.008,0.0,22.07,0.22,116.9
1790776891,15.4,32.12,1.63,0.0,0.0,5.1201171875,1,511,64,5,1,0,21.8,334.69,1089.536,61.13,1452.032,0.0,22.07,0.2,116.9
1790776898,65.6,32.17,1.63,0.0,0.0,10.2783203125,60,452,64,14,3,0,107.6,1647.56,1019.0,290.69,1454.08,0.0,22.07,0.26,116.9
1790776905,74.3,32.09,1.63,0.0,0.0,12.33837890625,6,506,64,9,3,0,123.0,1593.85,995.0,276.88,1456.128,0.0,22.07,0.24,116.9
1790776913,79.6,32.02,1.63,0.0,0.0,16.9560546875,74,438,64,66,5,0,117.8,1559.4,1129.472,174.03,1458.176,0.0,22.07,0.22,116.9
1790776920,40.3,32.01,1.63,0.0,0.0,16.1875,9,503,65,18,3,0,50.7,792.82,1128.448,199.64,1460.224,0.0,22.07,0.25,116.9
1790776927,39.8,31.99,1.63,0.0,0.0,16.01220703125,10,502,65,15,1,0,50.7,799.85,1146.88,144.24,1462.272,0.0,22.07,0.19,116.9
1790776935,42.8,32.05,1.63,0.0,0.0,15.173828125,13,499,65,12,2,0,53.9,1003.27,1139.712,194.27,1463.296,0.0,22.07,0.23,116.9
1790776942,39.5,32.0,1.63,0.0,0.0,14.91943359375,9,503,65,13,2,0,50.1,834.43,1149.952,149.79,1466.368,0.0,22.07,0.23,116.9
1790776949,39.2,32.05,1.63,0.0,0.0,14.13134765625,9,503,65,9,2,0,50.0,659.84,1155.072,175.73,1466.368,0.0,22.07,0.24,116.9
1790776957,46.9,31.99,1.63,0.0,0.0,14.04052734375,19,493,65,13,3,0,56.6,1093.86,1146.88,182.08,1468.416,0.0,22.07,0.22,116.9
1790776964,41.8,31.95,1.63,0.0,0.0,13.70751953125,10,502,65,22,3,0,51.1,1092.94,1130.496,203.82,1469.44,0.0,22.08,0.22,116.9
1790776971,43.4,31.95,1.63,0.0,0.0,13.25,11,501,65,19,8,0,53.5,1003.4,1157.12,186.19,1471.488,0.0,22.08,0.22,116.9
1790776979,42.8,31.92,1.63,0.0,0.0,13.3720703125,20,492,65,13,3,0,52.3,1016.83,1156.096,195.57,1472.512,0.0,22.08,0.24,116.9
1790776986,43.0,31.88,1.63,0.0,0.0,14.22314453125,11,501,65,12,2,0,53.0,829.78,1167.36,155.57,1473.536,0.0,22.08,0.25,116.9
1790776993,41.7,31.89,1.63,0.0,0.0,13.15380859375,10,502,65,11,2,0,52.7,899.74,1166.336,170.02,1475.584,0.0,22.08,0.19,116.9
1790777001,43.1,31.88,1.63,0.0,0.0,12.90087890625,10,502,65,9,1,0,53.7,872.51,1145.856,170.56,1477.632,0.0,22.08,0.19,116.9
1790777008,42.4,31.84,1.63,0.0,0.0,12.45458984375,15,497,65,13,3,0,53.2,952.52,1170.432,207.27,1477.632,0.0,22.08,0.23,116.9
1790777015,42.0,31.8,1.63,0.0,0.0,12.81884765625,12,500,65,15,3,0,53.1,898.16,1169.408,172.82,1479.68,0.0,22.08,0.24,116.9
1790777023,42.7,31.73,1.63,0.0,0.0,12.5126953125,14,498,65,12,2,0,52.3,829.02,1173.504,155.51,1481.728,0.0,22.08,0.23,116.9
1790777030,42.9,31.73,1.63,0.0,0.0,12.41455078125,12,500,65,15,2,0,52.7,1094.1,1178.624,159.25,1482.752,0.0,22.08,0.22,116.9
1790777037,42.0,31.71,1.63,0.0,0.0,12.6220703125,12,500,65,10,1,0,51.8,932.48,1173.504,162.65,1483.776,0.0,22.08,0.21,116.9
1790777044,43.5,31.69,1.63,0.0,0.0,12.82080078125,8,504,65,17,2,0,52.8,855.02,1168.384,154.96,1486.848,0.0,22.08,0.21,116.9
1790777052,41.9,31.68,1.63,0.0,0.0,12.83544921875,15,497,65,9,1,0,55.5,1044.69,1155.072,170.71,1486.848,0.0,22.08,0.24,116.9
1790777059,42.0,31.72,1.63,0.0,0.0,12.982421875,10,502,65,10,4,0,54.2,776.63,1141.76,151.46,1488.896,0.0,22.08,0.18,116.9
1790777066,42.5,31.74,1.63,0.0,0.0,13.06396484375,15,497,65,14,4,0,52.8,997.61,1135.616,197.15,1489.92,0.0,22.08,0.25,116.9
1790777074,39.9,31.72,1.63,0.0,0.0,12.9736328125,10,502,65,16,4,0,50.4,790.65,1156.096,149.75,1490.944,0.0,22.08,0.21,116.9
1790777081,43.6,31.72,1.63,0.0,0.0,12.97607421875,14,498,65,12,2,0,53.2,890.24,1165.312,154.42,1491.968,15.8,22.09,0.23,116.9
1790777088,42.8,31.68,1.63,0.0,0.0,12.80029296875,10,502,65,13,4,0,52.0,702.79,1153.024,209.43,1494.016,0.0,22.08,0.19,116.9
1790777096,46.3,31.71,1.63,0.0,0.0,12.41552734375,11,501,65,12,2,0,55.3,1119.13,1169.408,209.71,1497.088,0.0,22.08,0.22,116.9
1790777103,52.2,31.68,1.63,0.0,0.0,17.236328125,9,503,65,16,4,0,77.3,2182.61,1084.416,236.31,1498.112,0.0,22.08,0.24,116.9
1790777110,99.9,31.24,1.63,0.0,0.0,26.2666015625,259,253,112,112,3,0,174.9,2155.47,1476.608,391.68,1501.184,0.0,22.08,0.25,116.9
1790777118,99.9,31.12,1.63,0.0,0.0,41.91455078125,541,163,112,110,7,0,178.4,2153.55,1630.208,383.35,1504.256,0.0,22.08,0.24,116.9
1790777126,99.9,30.99,1.63,0.0,0.0,48.248046875,693,267,112,112,2,0,137.6,2184.15,1759.232,430.45,1507.328,0.0,22.08,0.28,116.9
1790777133,100.0,30.99,1.63,0.0,0.0,60.97119140625,292,604,112,113,7,0,97.1,2191.81,1799.168,432.17,1509.376,0.0,22.08,0.25,116.9
1790777140,78.9,31.14,1.63,0.0,0.0,58.65087890625,29,739,108,31,9,0,89.4,1676.48,1649.664,349.72,1510.4,0.0,22.08,0.27,116.9
1790777148,84.3,31.28,1.63,0.0,0.0,56.2763671875,14,626,101,20,4,0,95.2,1732.66,1508.352,332.44,1513.472,0.0,22.09,0.24,116.9
1790777155,86.3,31.37,1.63,0.5,0.0,53.21923828125,24,488,94,27,6,0,98.6,2040.25,1397.76,395.48,1515.52,0.0,22.09,0.27,116.9
1790777163,78.7,31.43,1.63,0.0,0.0,51.43994140625,25,487,88,19,4,0,94.2,1501.17,1344.512,312.81,1518.592,0.0,22.09,0.25,116.9
1790777170,83.5,31.45,1.63,0.0,0.0,48.07275390625,31,481,83,34,10,0,95.3,1893.21,1337.344,370.66,1520.64,0.0,22.09,0.23,116.9
1790777177,88.3,31.48,1.63,0.0,0.0,47.50634765625,17,495,82,21,6,0,95.6,1927.54,1345.536,354.1,1522.688,0.0,22.09,0.23,116.9
1790777185,88.5,31.47,1.63,0.0,0.0,45.6630859375,19,493,80,32,9,0,96.9,1891.44,1318.912,392.86,1524.736,0.0,22.09,0.29,116.9
1790777192,86.3,31.51,1.63,0.0,0.0,45.60986328125,24,488,80,25,7,0,93.9,1656.74,1315.84,301.75,1527.808,0.0,22.09,0.25,116.9
1790777200,91.9,31.5,1.63,0.0,0.0,43.958984375,28,484,79,27,9,0,100.8,1991.67,1309.696,320.66,1529.856,0.0,22.09,0.24,116.9
1790777207,84.4,31.46,1.63,0.0,0.0,44.68310546875,22,490,79,25,6,0,93.9,1701.19,1314.816,351.47,1531.904,0.0,22.09,0.24,116.9
1790777214,83.0,31.49,1.63,0.0,0.0,43.79931640625,19,493,79,26,5,0,93.6,1592.75,1309.696,310.51,1533.952,0.0,22.09,0.25,116.9
1790777222,86.5,31.48,1.63,0.0,0.0,43.8955078125,33,479,78,24,6,0,97.3,1780.31,1309.696,398.92,1537.024,0.0,22.09,0.25,116.9
1790777229,82.4,31.48,1.63,0.0,0.0,42.33544921875,27,485,78,25,5,0,93.7,1781.35,1323.008,392.44,1539.072,0.0,22.09,0.24,116.9
1790777237,79.6,31.49,1.63,0.0,0.0,40.86669921875,24,488,77,17,2,0,91.4,1640.14,1313.792,322.35,1541.12,0.0,22.09,0.25,116.9
1790777244,89.2,31.47,1.63,0.0,0.0,38.439453125,47,465,78,29,7,0,96.7,1773.25,1314.816,357.58,1543.168,0.0,22.09,0.24,116.9
1790777251,91.5,31.4,1.63,0.0,0.0,36.64208984375,20,492,79,38,6,0,100.8,2172.57,1336.32,414.94,1545.216,0.0,22.09,0.29,116.9
1790777259,90.4,31.38,1.63,0.0,0.0,37.4052734375,19,493,79,26,9,0,102.9,2205.63,1348.608,415.08,1549.312,0.0,22.09,0.26,116.9
1790777266,86.6,31.37,1.63,0.0,0.0,36.25146484375,12,500,80,21,2,0,96.0,1892.66,1345.536,322.47,1550.336,0.0,22.09,0.25,116.9
1790777274,82.7,31.39,1.63,0.0,0.0,36.38232421875,16,496,80,32,7,0,93.0,1727.61,1333.248,338.02,1552.384,0.0,22.09,0.23,116.9
1790777281,85.0,31.39,1.63,0.0,0.0,38.19384765625,35,477,79,43,6,0,95.7,1948.33,1323.008,394.04,1554.432,0.0,22.09,0.27,116.9
1790777289,81.7,31.39,1.63,0.0,0.0,36.44677734375,23,489,79,34,9,0,93.5,1840.84,1338.368,359.78,1556.48,0.0,22.09,0.26,116.9
1790777296,84.5,31.45,1.63,0.0,0.0,35.36962890625,36,476,79,44,9,0,95.1,1576.75,1312.768,317.8,1559.552,0.0,22.09,0.25,116.9
1790777303,83.3,31.41,1.63,0.0,0.0,34.94775390625,55,457,79,56,9,0,94.1,1973.65,1329.152,353.81,1561.6,0.0,22.09,0.25,116.9
1790777311,85.8,31.42,1.63,0.0,0.0,34.63134765625,18,494,79,30,7,0,93.1,1924.45,1345.536,320.52,1563.648,0.0,22.09,0.24,116.9
1790777318,99.6,30.97,1.63,0.0,0.0,46.02099609375,549,155,110,110,9,0,192.8,2147.51,1702.912,382.48,1566.72,0.0,22.09,0.25,116.9
1790777326,99.9,30.75,1.63,0.0,0.0,52.5859375,944,80,112,109,4,0,128.3,2193.64,1928.192,418.49,1568.768,0.0,22.09,0.27,116.9
1790777334,99.9,30.7,1.63,0.0,0.0,64.17431640625,672,352,112,112,7,0,99.8,2145.45,1978.368,406.67,1571.84,0.0,22.09,0.25,116.9
1790777342,99.9,30.79,1.63,0.0,0.0,68.64501953125,396,564,112,113,10,0,101.6,2184.75,1869.824,417.52,1574.912,0.0,22.09,0.25,116.9
1790777350,99.9,30.93,1.63,0.0,0.0,76.7939453125,267,565,112,113,12,0,105.4,2167.54,1775.616,414.69,1576.96,0.0,22.09,0.26,116.9
1790777358,99.9,31.01,1.63,0.1,0.0,84.0068359375,280,424,112,113,6,0,105.5,2195.71,1701.888,416.83,1579.008,0.0,22.09,0.25,116.9
1790777365,99.9,30.99,1.63,0.0,0.0,87.60986328125,309,395,112,112,10,0,105.7,2185.21,1703.936,431.51,1582.08,0.0,22.09,0.28,116.9
1790777373,99.9,30.98,1.63,0.0,0.0,92.4775390625,322,382,112,112,9,0,107.3,2180.77,1729.536,429.05,1584.128,0.0,22.09,0.24,116.9
1790777381,99.9,30.97,1.63,0.0,0.0,94.6015625,310,394,112,113,9,0,107.8,2184.12,1729.536,422.27,1586.176,0.0,22.09,0.24,116.9
1790777389,99.9,30.95,1.63,0.0,0.0,98.7470703125,305,399,112,113,7,0,109.9,2172.16,1725.44,429.83,1590.272,0.0,22.1,0.24,116.9
1790777397,99.9,30.94,1.63,0.0,0.0,100.529296875,377,327,112,113,9,0,108.1,2182.12,1734.656,435.63,1591.296,0.0,22.1,0.31,116.9
1790777404,99.9,30.92,1.63,0.0,0.0,104.47802734375,406,298,112,113,6,0,106.5,2192.87,1771.52,419.83,1594.368,0.0,22.1,0.26,116.9
1790777412,100.0,30.96,1.63,0.0,0.0,106.28173828125,398,306,112,111,8,0,109.0,2167.84,1742.848,433.8,1596.416,0.0,22.1,0.28,116.9
1790777420,100.0,30.96,1.63,0.0,0.0,109.140625,339,365,112,110,7,0,106.2,2190.32,1771.52,420.58,1599.488,0.0,22.1,0.29,116.9
1790777428,99.9,30.95,1.63,0.0,0.0,111.5791015625,338,366,112,112,6,0,105.0,2193.26,1757.184,428.1,1602.56,0.0,22.1,0.28,116.9
1790777436,100.0,30.95,1.63,0.0,0.0,112.974609375,341,363,112,109,10,0,107.0,2180.61,1757.184,426.8,1604.608,0.0,22.1,0.32,116.9
1790777444,100.0,30.9,1.63,0.0,0.0,114.44921875,324,380,112,115,7,0,105.6,2188.7,1780.736,430.13,1607.68,0.0,22.1,0.24,116.9
1790777452,99.9,30.92,1.63,0.0,0.0,115.21435546875,302,402,112,109,9,0,107.1,2191.1,1776.64,420.85,1609.728,0.0,22.1,0.24,116.9
1790777460,99.9,30.93,1.63,0.0,0.0,116.552734375,395,309,112,112,10,0,105.3,2167.66,1760.256,452.53,1611.776,0.0,22.1,0.24,116.9
1790777467,100.0,30.92,1.63,0.0,0.0,117.3896484375,391,313,112,112,7,0,105.3,2184.58,1751.04,435.96,1615.872,0.0,22.1,0.24,116.9
1790777475,99.9,30.9,1.63,0.0,0.0,118.48046875,317,387,112,114,8,0,110.2,2170.72,1769.472,433.45,1616.896,0.0,22.1,0.26,116.9
1790777483,100.0,30.89,1.63,0.0,0.0,119.78466796875,331,373,112,109,9,0,110.5,2182.54,1754.112,431.37,1619.968,0.0,22.1,0.25,116.9
1790777491,100.0,30.9,1.63,0.0,0.0,120.28271484375,327,377,112,111,7,0,106.5,2197.17,1764.352,434.33,1622.016,0.0,22.1,0.24,116.9
1790777499,100.0,30.9,1.63,0.0,0.0,119.79736328125,340,364,112,113,7,0,106.1,2187.07,1758.208,430.21,1624.064,0.0,22.1,0.24,116.9
1790777507,100.0,30.86,1.63,0.0,0.0,119.81396484375,362,342,112,108,6,0,106.6,2175.47,1771.52,439.91,1627.136,0.0,22.1,0.24,116.9
1790777514,100.0,30.87,1.63,0.0,0.0,120.32373046875,377,327,112,111,11,0,105.8,2179.33,1750.016,437.8,1628.16,0.0,22.1,0.24,116.9
1790777522,100.0,30.9,1.63,0.0,0.0,121.52978515625,342,362,112,114,14,0,123.2,2123.67,1757.184,420.36,1631.232,0.0,22.1,0.24,116.9
1790777530,99.9,30.72,1.63,0.0,0.0,122.04833984375,947,77,112,114,15,0,195.3,2137.71,1842.176,397.11,1634.304,0.0,22.1,0.26,116.9
1790777539,100.0,30.61,1.63,0.0,0.0,122.72998046875,937,87,112,111,5,0,111.0,2205.59,1994.752,421.63,1637.376,0.0,22.1,0.26,116.9
1790777548,100.0,30.57,1.63,2.9,0.0,122.52490234375,919,105,112,109,8,0,102.3,2193.11,1999.872,427.51,1640.448,0.0,22.1,0.23,116.9
1790777556,100.0,30.56,1.63,0.0,0.0,123.12353515625,856,168,112,114,11,0,103.9,2189.6,1995.776,427.53,1642.496,0.0,22.1,0.26,117.0
1790777564,100.0,30.59,1.63,0.0,0.0,123.83154296875,859,165,112,111,5,0,106.4,2191.11,1984.512,422.22,1645.568,0.0,22.11,0.24,117.0
1790777572,100.0,30.61,1.63,0.0,0.0,123.5244140625,774,250,112,112,4,0,108.5,2181.22,1989.632,428.4,1647.616,0.0,22.11,0.25,117.0
1790777580,100.0,30.55,1.63,0.0,0.0,123.658203125,795,229,112,114,8,0,107.2,2184.29,2053.12,444.65,1649.664,0.0,22.11,0.26,117.0
1790777588,100.0,30.6,1.63,0.0,0.0,123.68505859375,879,145,112,109,9,0,105.7,2182.56,1999.872,430.71,1652.736,0.0,22.11,0.24,117.0
1790777596,100.0,30.64,1.63,0.0,0.0,124.03076171875,901,123,112,114,9,0,108.2,2192.77,1966.08,430.12,1654.784,0.0,22.11,0.26,117.0
1790777604,100.0,30.63,1.63,0.0,0.0,124.43896484375,843,181,112,113,12,0,107.6,2160.28,1994.752,438.05,1656.832,0.0,22.11,0.23,117.0
1790777612,100.0,30.59,1.63,0.0,0.0,124.32373046875,869,155,112,111,5,0,113.4,2178.12,2006.016,438.28,1658.88,0.0,22.11,0.26,117.0
1790777619,100.0,30.62,1.63,0.0,0.0,124.82177734375,886,138,112,111,11,0,108.0,2189.04,2001.92,438.1,1662.976,0.0,22.11,0.25,117.0
1790777627,100.0,30.57,1.63,0.0,0.0,125.07666015625,840,184,112,114,5,0,108.6,2180.44,2015.232,428.22,1666.048,0.0,22.11,0.25,117.0
1790777635,100.0,30.58,1.63,0.0,0.0,124.77001953125,795,229,112,113,3,0,109.3,2159.31,1999.872,440.39,1667.072,0.0,22.11,0.24,117.0
1790777643,100.0,30.61,1.63,0.0,0.0,125.18701171875,868,156,112,115,5,0,109.0,2174.37,1982.464,436.21,1670.144,0.0,22.11,0.24,117.0
1790777651,100.0,30.6,1.63,0.0,0.0,125.49267578125,851,173,112,113,12,0,108.1,2193.81,2009.088,423.63,1673.216,0.0,22.11,0.26,117.0
1790777658,100.0,30.59,1.63,0.0,0.0,125.04833984375,809,215,112,115,8,0,106.5,2167.51,2015.232,447.92,1675.264,0.0,22.11,0.24,117.0
1790777666,100.0,30.62,1.63,0.0,0.0,124.88427734375,853,171,112,115,8,0,106.8,2179.67,2012.16,437.58,1677.312,0.0,22.11,0.28,117.0
1790777674,100.0,30.62,1.63,0.0,0.0,124.4599609375,874,150,112,116,10,0,106.5,2184.28,2001.92,432.26,1680.384,0.0,22.11,0.24,117.0
1790777682,100.0,30.55,1.63,0.0,0.0,124.58349609375,783,241,112,115,12,0,107.9,2149.4,2012.16,430.67,1682.432,0.0,22.11,0.25,117.0
1790777690,100.0,30.57,1.63,0.0,0.0,124.62841796875,906,118,112,109,8,0,107.2,2178.52,2003.968,430.73,1684.48,0.0,22.11,0.24,117.0
1790777697,100.0,30.54,1.63,0.0,0.0,124.658203125,879,145,112,111,13,0,113.0,2193.03,2031.616,426.34,1687.552,0.0,22.11,0.24,117.0
1790777705,100.0,30.52,1.63,0.0,0.0,124.0087890625,890,134,112,114,13,0,108.8,2194.43,2020.352,421.93,1689.6,0.0,22.11,0.24,117.0
1790777713,100.0,30.56,1.63,0.0,0.0,124.42041015625,891,133,112,111,6,0,107.7,2185.63,2024.448,436.29,1692.672,0.0,22.11,0.25,117.0
1790777721,100.0,30.57,1.63,0.0,0.0,124.54736328125,869,155,112,112,8,0,105.2,2176.48,2022.4,443.71,1694.72,0.0,22.11,0.24,117.0
1790777729,100.0,30.55,1.63,0.0,0.0,124.8447265625,882,142,112,111,9,0,106.2,2185.66,2041.856,436.38,1697.792,0.0,22.11,0.24,117.0
1790777736,100.0,30.58,1.63,0.0,0.0,124.53662109375,917,107,112,109,12,0,169.7,2114.43,1925.12,404.01,1699.84,0.0,22.11,0.24,117.0
1790777745,100.0,30.54,1.63,0.0,0.0,123.2841796875,939,85,112,114,7,0,140.6,2174.3,2002.944,438.27,1703.936,0.0,22.11,0.24,117.0
1790777756,100.0,30.46,1.63,0.0,0.0,123.98681640625,910,114,112,112,10,0,101.6,2167.59,2071.552,455.49,1707.008,0.0,22.11,0.26,117.0
1790777767,100.0,30.49,1.63,0.0,0.0,123.88330078125,908,116,112,115,13,0,106.0,2188.9,2035.712,430.32,1710.08,0.0,22.11,0.28,117.0
1790777776,100.0,30.52,1.63,0.0,0.0,123.732421875,906,118,112,112,7,0,109.7,2193.18,2033.664,421.78,1713.152,0.0,22.11,0.28,117.0
1790777785,100.0,30.52,1.63,0.0,0.0,123.5390625,900,124,112,112,8,0,105.3,2172.07,2031.616,438.98,1716.224,0.0,22.11,0.29,117.0
1790777794,100.0,30.52,1.63,0.0,0.0,123.45556640625,902,122,112,115,10,0,106.5,2175.86,2039.808,445.58,1719.296,0.0,22.11,0.31,117.0
1790777804,100.0,30.49,1.63,0.0,0.0,123.40478515625,908,116,112,114,8,0,107.3,2177.19,2050.048,439.74,1722.368,0.0,22.12,0.29,117.0
1790777813,100.0,30.5,1.63,0.0,0.0,123.970703125,905,119,112,114,9,0,105.9,2182.43,2038.784,429.98,1725.44,0.0,22.12,0.3,117.0
1790777823,100.0,30.48,1.63,0.0,0.0,123.66064453125,912,112,112,114,9,0,109.2,2150.68,2018.304,441.61,1728.512,0.0,22.12,0.29,117.0
1790777832,100.0,30.47,1.63,0.0,0.0,123.55859375,918,106,112,109,6,0,111.7,2173.33,2050.048,440.27,1731.584,0.0,22.12,0.29,117.0
1790777842,100.0,30.49,1.63,0.0,0.0,124.322265625,912,112,112,113,10,0,105.7,2173.92,2033.664,435.71,1734.656,0.0,22.12,0.29,117.0
1790777851,100.0,30.52,1.63,0.0,0.0,124.734375,902,122,111,114,10,0,105.6,2178.52,2020.352,442.29,1736.704,0.0,22.12,0.29,117.0
1790777861,100.0,30.46,1.63,0.0,0.0,124.99609375,914,110,112,111,16,0,108.4,2130.73,2023.424,435.74,1739.776,0.0,22.12,0.27,117.0
1790777870,100.0,30.47,1.63,0.0,0.0,124.8974609375,908,116,112,112,7,0,108.3,2174.97,2049.024,437.48,1742.848,0.0,22.12,0.3,117.0
1790777879,100.0,30.51,1.63,0.0,0.0,124.2978515625,911,113,112,112,6,0,107.0,2169.48,2022.4,444.28,1745.92,0.0,22.12,0.32,117.0
1790777889,100.0,30.49,1.63,0.0,0.0,124.3994140625,901,123,112,108,10,0,107.7,2180.92,2045.952,434.33,1750.016,0.0,22.12,0.28,117.0
1790777898,100.0,30.51,1.63,0.0,0.0,124.98486328125,905,119,112,113,5,0,108.4,2177.04,2024.448,440.12,1752.064,0.0,22.12,0.31,117.0
1790777908,100.0,30.48,1.63,0.0,0.0,124.205078125,908,116,112,114,5,0,108.4,2182.72,2030.592,432.36,1756.16,0.0,22.12,0.29,117.0
1790777917,100.0,30.47,1.63,0.0,0.0,123.619140625,908,116,112,109,11,0,113.4,2160.02,2036.736,440.47,1758.208,0.0,22.12,0.28,117.0
1790777927,100.0,30.45,1.63,0.0,0.0,123.482421875,909,115,112,112,9,0,106.4,2183.0,2050.048,431.65,1761.28,0.0,22.12,0.28,117.0
1790777936,100.0,30.46,1.63,0.0,0.0,123.802734375,901,123,112,115,8,0,107.3,2166.71,2027.52,435.41,1763.328,0.0,22.12,0.28,117.0
1790777945,100.0,30.52,1.63,0.0,0.0,123.73828125,912,112,112,114,6,0,162.4,2121.19,1956.864,418.54,1767.424,0.0,22.12,0.28,117.0
1790777955,100.0,30.5,1.63,0.0,0.0,123.5439453125,929,95,112,114,10,0,139.7,2163.56,1999.872,440.47,1770.496,0.0,22.12,0.28,117.0
1790777965,100.0,30.46,1.63,0.0,0.0,124.06298828125,910,114,112,114,10,0,107.5,2165.89,2031.616,435.41,1774.592,0.0,22.12,0.28,117.0
1790777975,100.0,30.45,1.63,0.0,0.0,124.1875,903,121,112,114,12,0,104.5,2193.84,2054.144,420.73,1776.64,0.0,22.12,0.28,117.0
1790777985,100.0,30.44,1.63,0.0,0.0,124.51416015625,908,116,112,114,19,0,108.2,2181.12,2062.336,427.62,1779.712,0.0,22.12,0.29,117.0
1790777995,100.0,30.42,1.63,0.0,0.0,123.69873046875,908,116,112,112,5,0,107.7,2193.99,2077.696,423.53,1783.808,0.0,22.12,0.29,117.0
1790778006,100.0,30.43,1.63,0.0,0.0,123.3447265625,910,114,112,114,6,0,108.6,2174.31,2060.288,425.17,1786.88,0.0,22.12,0.28,117.0
1790778016,100.0,30.43,1.63,0.0,0.0,123.365234375,903,121,112,111,12,0,110.2,2167.49,2068.48,444.61,1789.952,0.0,22.12,0.28,117.0
1790778026,100.0,30.44,1.63,0.0,0.0,123.03369140625,906,118,112,112,10,0,105.3,2184.11,2063.36,439.32,1793.024,0.0,22.12,0.29,117.0
1790778035,100.0,30.44,1.63,0.0,0.0,123.1279296875,903,121,112,113,11,0,107.2,2168.7,2056.192,445.13,1797.12,0.0,22.12,0.28,117.0
1790778046,100.0,30.37,1.63,0.0,0.0,123.3583984375,907,117,112,113,5,0,114.8,2183.08,2091.008,431.88,1799.168,0.0,22.13,0.28,117.0
1790778055,100.0,30.38,1.63,0.0,0.0,124.03076171875,904,120,112,109,10,0,111.0,2174.37,2061.312,432.27,1802.24,0.0,22.13,0.28,117.0
1790778065,100.0,30.4,1.63,0.0,0.0,123.625,906,118,112,112,8,0,112.0,2181.44,2049.024,434.19,1805.312,0.0,22.13,0.29,117.0
1790778075,100.0,30.42,1.63,0.0,0.0,124.52783203125,910,114,112,111,11,0,107.7,2179.8,2069.504,441.83,1809.408,0.0,22.13,0.28,117.0
1790778088,100.0,30.42,1.63,0.0,0.0,123.14306640625,905,119,112,113,11,0,107.1,2168.5,2064.384,435.76,1814.528,0.0,22.13,0.31,117.0
1790778103,100.0,30.39,1.63,0.0,0.0,122.95458984375,900,124,112,111,8,0,105.6,2145.37,2065.408,439.22,1817.6,22.31,31.16,0.31,117.0
1790778113,100.0,30.41,1.63,0.0,0.0,123.1826171875,906,118,112,109,7,0,106.7,2171.46,2063.36,441.42,1820.672,0.0,22.13,0.29,117.0
1790778122,100.0,30.4,1.63,0.0,0.0,124.76806640625,908,116,112,114,7,0,107.7,2177.3,2059.264,429.95,1825.792,0.0,22.13,0.25,117.0
1790778137,100.0,30.43,1.63,0.0,0.0,124.08935546875,903,121,112,113,10,0,113.1,2154.56,2033.664,448.56,1828.864,0.0,22.13,0.26,117.0
1790778148,100.0,30.42,1.63,0.0,0.0,124.61767578125,906,118,112,113,7,0,109.2,2170.55,2043.904,439.82,1831.936,0.0,22.13,0.25,117.0
1790778156,100.0,30.46,1.63,0.0,0.0,125.55126953125,914,110,112,114,8,0,169.5,2110.02,1960.96,422.69,1835.008,0.0,22.13,0.24,117.0
1790778167,100.0,30.39,1.63,0.0,0.0,126.4912109375,934,90,112,112,17,0,185.2,2176.17,2011.136,435.08,1839.104,0.0,22.13,0.27,117.0
1790778179,100.0,30.34,1.63,0.0,0.0,124.720703125,914,110,112,115,12,0,105.9,2178.81,2028.544,438.39,1842.176,0.0,22.13,0.26,117.0
1790778192,100.0,30.39,1.63,0.0,0.0,124.234375,909,115,112,107,9,0,105.9,2180.24,2063.36,435.69,1846.272,0.0,22.13,0.24,117.0
1790778202,100.0,30.43,1.63,0.0,0.0,124.10546875,908,116,112,113,7,0,109.2,2183.95,2070.528,451.88,1849.344,0.0,22.13,0.24,117.0
1790778212,100.0,30.38,1.63,0.0,0.0,124.24951171875,914,110,112,113,8,0,110.2,2160.47,2056.192,444.45,1853.44,0.0,22.13,0.25,117.0
1790778221,100.0,30.31,1.63,0.2,0.0,123.85595703125,907,117,112,112,13,0,114.1,2163.2,2069.504,436.41,1854.464,0.0,22.13,0.24,117.0
1790778230,100.0,30.35,1.63,0.0,0.0,124.0576171875,910,114,112,110,11,0,109.7,2172.38,2068.48,440.24,1858.56,0.0,22.14,0.25,117.0
1790778242,100.0,30.35,1.63,0.0,0.0,123.5068359375,904,120,112,113,13,0,109.1,2160.9,2061.312,447.96,1862.656,0.0,22.14,0.25,117.0
1790778251,100.0,30.37,1.63,0.0,0.0,123.9833984375,905,119,112,112,9,0,109.4,2164.07,2073.6,441.51,1865.728,0.0,22.14,0.24,117.0
1790778265,100.0,30.35,1.63,0.0,0.0,124.06640625,896,128,112,114,4,0,113.0,2145.29,2071.552,451.73,1868.8,0.0,22.14,0.24,117.0
1790778275,100.0,30.35,1.63,0.0,0.0,124.11083984375,911,113,112,113,15,0,113.0,2170.64,2062.336,435.73,1871.872,0.0,22.14,0.25,117.0
1790778285,100.0,30.34,1.63,0.0,0.0,123.52685546875,908,116,112,111,9,0,112.3,2169.18,2073.6,436.53,1875.968,0.0,22.14,0.24,117.0
1790778295,100.0,30.27,1.63,0.0,0.0,123.2666015625,912,112,112,115,6,0,111.5,2181.61,2088.96,432.76,1878.016,0.0,22.14,0.29,117.0
1790778305,100.0,30.25,1.63,0.0,0.0,123.37060546875,915,109,112,106,8,0,117.3,2147.22,2068.48,437.58,1884.16,0.0,22.14,0.28,117.0
1790778323,100.0,30.21,1.63,0.0,0.0,123.9599609375,903,121,112,107,6,0,110.2,2173.45,2093.056,443.8,1893.376,0.0,22.14,0.29,117.0
1790778353,100.0,30.22,1.63,0.0,0.0,124.02685546875,908,116,112,112,11,0,109.2,2176.52,2093.056,440.87,1896.448,0.0,22.14,0.29,117.0
